months_as_customer,umbrella_limit,insured_relationship,capital_gains,capital_loss,authorities_contacted,incident_hour_of_the_day,number_of_vehicles_involved,bodily_injuries,witnesses,rank_incident_severity,rank_insured_education_level,policy_amt,csl_amt,in_state,claim_capital_percent,violent_rate,non_violent_rate,deaths_per_100k,deaths_per_100mil_vehicle_miles,avg_car_price,label
32,6000000,not-in-family,0,-79800,Fire,16,1,1,2,3,4,100,300,0,-1.7538461538461538,208.659,2912.824,11.2,1.21,9800.5,0
61,6000000,wife,0,-53800,Fire,16,2,1,0,2,4,100,300,0,-0.99962839093273881,208.659,2912.824,11.2,1.21,62311.333333333328,1
86,0,unmarried,75800,0,Police,19,1,0,2,1,4,100,300,0,1.0688099266779469,208.659,2912.824,11.2,1.21,59820.749999999993,0
446,0,unmarried,49900,-62100,Other,3,1,2,0,1,0,100,300,0,-0.17304964539007092,208.659,2912.824,11.2,1.21,18555.927223579529,0
65,3000000,unmarried,0,-41500,Fire,0,1,1,3,1,0,100,300,0,-0.79501915708812265,208.659,2912.824,11.2,1.21,14291.335721596723,0
121,0,other-relative,51300,0,Fire,15,3,1,2,2,1,100,300,0,0.7978227060653188,208.659,2912.824,11.2,1.21,13772.666666666666,1
200,0,other-relative,45300,-20400,Police,9,1,0,0,1,0,100,300,0,6.7479674796747968,208.659,2912.824,11.2,1.21,28538.5,0
54,0,unmarried,68500,-42100,Fire,21,3,2,0,1,5,100,300,0,0.3337969401947149,208.659,2912.824,11.2,1.21,2524.0,0
458,0,wife,31400,0,Police,23,1,2,2,3,0,100,300,0,0.43732590529247911,208.659,2912.824,11.2,1.21,19005.92105263158,0
191,0,not-in-family,0,0,Ambulance,19,3,2,0,2,3,100,300,0,0.0,208.659,2912.824,11.2,1.21,9826.3333333333339,0
237,0,husband,0,-53500,Other,6,1,1,3,1,2,100,300,0,-0.68695428864920394,208.659,2912.824,11.2,1.21,9722.0,0
240,9000000,own-child,0,-70900,Fire,18,2,0,2,3,4,100,300,0,-1.0653643876784373,208.659,2912.824,11.2,1.21,6561.6216216216208,0
192,0,wife,0,0,Ambulance,18,3,1,0,1,1,100,300,0,0.0,208.659,2912.824,11.2,1.21,32519.4888888889,0
146,5000000,own-child,0,0,Ambulance,0,3,1,3,2,2,100,300,0,0.0,208.659,2912.824,11.2,1.21,6690.1363636363631,0
285,0,not-in-family,63100,-79400,Fire,13,1,0,3,3,1,100,300,0,-0.30929791271347251,208.659,2912.824,11.2,1.21,13172.0,0
254,0,husband,0,0,Fire,10,1,0,1,1,5,100,300,0,0.0,208.659,2912.824,11.2,1.21,627.0,1
169,0,husband,0,-36800,Police,9,3,0,3,3,0,100,300,0,-0.79653679653679654,208.659,2912.824,11.2,1.21,18555.927223579529,0
241,0,not-in-family,0,0,Fire,23,3,0,3,2,1,100,300,0,0.0,208.659,2912.824,11.2,1.21,18555.927223579529,0
316,5000000,husband,58300,0,Ambulance,6,3,2,0,2,0,100,300,0,0.73919107391910743,208.659,2912.824,11.2,1.21,18555.927223579529,0
230,0,wife,48100,0,Ambulance,13,1,0,2,3,5,100,300,0,0.63742380068910676,208.659,2912.824,11.2,1.21,15150.666666666666,0
177,0,other-relative,0,-74500,Other,20,1,2,0,2,2,100,300,0,-1.010854816824966,208.659,2912.824,11.2,1.21,13772.666666666666,1
4,6000000,unmarried,64200,0,Ambulance,14,3,1,3,1,0,100,300,0,1.1862527716186253,208.659,2912.824,11.2,1.21,21325.5,0
168,0,own-child,0,-40600,Other,13,2,1,1,2,5,100,300,0,-0.70339570339570334,208.659,2912.824,11.2,1.21,6920.0,0
150,0,own-child,0,0,None,8,1,0,2,0,5,100,300,0,0.0,208.659,2912.824,11.2,1.21,6920.0,0
257,0,other-relative,52100,0,Police,0,1,0,1,3,4,100,300,0,0.61064228785747776,208.659,2912.824,11.2,1.21,21012.0,0
219,0,other-relative,51300,0,Ambulance,1,1,2,2,2,0,100,300,0,0.76957695769576961,208.659,2912.824,11.2,1.21,19444.0,0
290,0,wife,0,-61000,Police,23,3,2,2,3,4,100,300,0,-0.941358024691358,208.659,2912.824,11.2,1.21,8165.0,1
202,3000000,not-in-family,31000,-30200,None,5,1,2,1,1,4,100,300,0,0.13986013986013987,208.659,2912.824,11.2,1.21,18555.927223579529,1
267,0,wife,0,0,Police,4,4,2,1,3,5,100,300,0,0.0,208.659,2912.824,11.2,1.21,10700.791044776117,0
380,0,other-relative,66000,0,Police,10,1,0,1,3,5,100,300,0,1.1348005502063274,208.659,2912.824,11.2,1.21,6920.0,1
169,0,own-child,23300,0,Other,12,3,1,3,3,4,100,300,0,0.29463834092058677,208.659,2912.824,11.2,1.21,18555.927223579529,0
169,0,not-in-family,0,-57600,Fire,0,1,0,0,1,4,100,300,0,-1.4883720930232558,208.659,2912.824,11.2,1.21,15416.399999999998,0
65,0,wife,43000,-42500,Ambulance,17,1,1,2,3,2,100,300,0,0.011671335200746966,355.897,2798.765,15.7,1.74,13772.666666666666,0
154,0,husband,53100,-43900,Other,18,4,2,3,3,4,100,300,0,0.12372243141473911,355.897,2798.765,15.7,1.74,1254.0,1
473,0,other-relative,55700,0,Other,12,4,0,0,2,5,100,300,0,0.882446134347275,355.897,2798.765,15.7,1.74,18555.927223579529,1
392,0,not-in-family,68400,-66800,Other,4,1,2,2,1,4,100,300,0,0.014810700731278348,355.897,2798.765,15.7,1.74,6920.0,0
166,8000000,husband,27500,0,Police,10,3,2,2,2,4,100,300,0,0.40959189752755437,355.897,2798.765,15.7,1.74,62311.333333333328,1
73,0,husband,0,0,Other,15,3,0,0,3,0,100,300,0,0.0,355.897,2798.765,15.7,1.74,8165.0,0
398,0,unmarried,21500,0,Fire,16,1,2,1,3,1,100,300,0,0.45329959940965636,355.897,2798.765,15.7,1.74,12590.36567164179,0
144,0,wife,0,0,Police,3,3,0,0,2,0,100,300,0,0.0,355.897,2798.765,15.7,1.74,2510.666666666667,0
31,4000000,wife,46800,-87300,Fire,10,1,2,0,2,4,100,300,0,-0.6367924528301887,355.897,2798.765,15.7,1.74,15150.666666666666,1
79,0,not-in-family,0,-55700,Ambulance,19,1,2,2,1,1,100,300,0,-1.3925,355.897,2798.765,15.7,1.74,47042.0,0
458,0,other-relative,53000,0,Fire,18,1,2,1,1,0,100,300,0,0.94071707490237844,355.897,2798.765,15.7,1.74,6376.666666666667,0
217,0,not-in-family,0,0,None,8,1,2,1,1,2,100,300,0,0.0,355.897,2798.765,15.7,1.74,9608.58208955224,0
161,0,not-in-family,60200,0,Police,0,3,2,2,3,4,100,300,0,0.99537037037037035,355.897,2798.765,15.7,1.74,6646.0,0
379,0,not-in-family,41400,0,Ambulance,14,1,0,1,3,1,100,300,0,0.54502369668246442,355.897,2798.765,15.7,1.74,19005.92105263158,0
81,5000000,own-child,51000,-67900,Other,11,3,1,0,2,0,100,300,0,-0.22862554112554112,355.897,2798.765,15.7,1.74,7212.75,1
295,0,husband,34300,-24300,None,4,1,1,3,1,2,100,300,0,2.3148148148148149,355.897,2798.765,15.7,1.74,18555.927223579529,0
247,0,unmarried,0,-49300,Police,5,1,1,2,0,3,100,300,0,-6.4025974025974026,355.897,2798.765,15.7,1.74,6920.0,0
202,0,husband,0,-37500,Other,12,1,1,1,2,1,100,300,0,-0.484245867768595,355.897,2798.765,15.7,1.74,10032.327272727285,0
269,0,unmarried,0,-46400,Ambulance,21,1,2,1,2,1,100,300,0,-0.540162980209546,355.897,2798.765,15.7,1.74,18555.927223579529,1
266,4000000,other-relative,0,-49600,Ambulance,18,3,1,1,2,1,100,300,0,-0.93093093093093093,355.897,2798.765,15.7,1.74,18555.927223579529,1
209,0,other-relative,58100,0,Fire,21,1,1,1,1,5,100,300,0,1.2283298097251585,355.897,2798.765,15.7,1.74,2587.0,0
407,5000000,wife,0,-57700,Police,0,3,2,3,3,4,100,300,0,-0.846537558685446,355.897,2798.765,15.7,1.74,10785.785714285714,0
239,0,husband,0,0,Ambulance,0,4,0,3,2,3,100,300,0,0.0,355.897,2798.765,15.7,1.74,32519.4888888889,0
108,0,not-in-family,0,0,Police,6,3,0,1,2,4,100,300,0,0.0,355.897,2798.765,15.7,1.74,10808.5,1
256,0,unmarried,56700,-65600,Fire,11,1,0,0,3,5,100,300,0,-0.14071146245059288,355.897,2798.765,15.7,1.74,10032.327272727285,0
194,0,not-in-family,55300,-37900,None,0,1,0,3,1,1,100,300,0,1.9120879120879122,355.897,2798.765,15.7,1.74,18396.571428571424,0
128,0,own-child,43300,-66200,Ambulance,8,1,0,3,2,5,100,300,0,-0.33416022180067123,355.897,2798.765,15.7,1.74,15150.666666666666,0
283,0,not-in-family,0,-50400,None,9,1,0,3,1,1,100,300,0,-8.615384615384615,355.897,2798.765,15.7,1.74,38574.0,0
286,0,other-relative,45500,-62500,Police,3,1,2,0,0,2,100,300,0,-3.4,355.897,2798.765,15.7,1.74,4487.6,0
303,0,own-child,54600,-45500,Other,17,3,0,3,3,5,100,300,0,0.11102977061981455,355.897,2798.765,15.7,1.74,2510.666666666667,0
27,0,own-child,0,0,Police,21,1,1,1,3,4,100,300,0,0.0,355.897,2798.765,15.7,1.74,12138.182741116756,0
222,0,not-in-family,37800,-50300,Other,7,1,0,2,3,5,100,300,0,-0.2039484418339044,355.897,2798.765,15.7,1.74,3762.25,1
243,0,own-child,17300,-60400,Fire,1,1,1,0,2,2,100,300,0,-0.856858846918489,355.897,2798.765,15.7,1.74,18555.927223579529,1
16,0,not-in-family,50800,-66200,Ambulance,0,3,0,2,3,5,100,300,0,-0.25925925925925924,355.897,2798.765,15.7,1.74,4487.6,1
166,0,unmarried,59600,-32100,Other,8,1,0,0,3,5,100,300,0,0.68204365079365081,355.897,2798.765,15.7,1.74,18555.927223579529,0
410,0,own-child,0,-17000,Ambulance,0,1,0,2,1,5,100,300,0,-0.2856182795698925,355.897,2798.765,15.7,1.74,5262.7499999999991,0
210,0,not-in-family,0,-19500,Fire,11,3,2,1,3,2,100,300,0,-0.79365079365079361,355.897,2798.765,15.7,1.74,6920.0,1
431,0,own-child,17600,0,Fire,13,3,2,3,3,3,100,300,0,0.27830487033523088,355.897,2798.765,15.7,1.74,18555.927223579529,0
156,0,own-child,26500,0,Fire,23,3,0,3,2,0,100,300,0,0.48007246376811596,355.897,2798.765,15.7,1.74,6920.0,1
147,6000000,not-in-family,53300,-49200,Other,15,1,2,0,2,0,100,300,0,0.077212806026365349,355.897,2798.765,15.7,1.74,18555.927223579529,1
104,0,other-relative,0,-70100,Police,8,1,0,0,1,5,100,300,0,-14.604166666666666,355.897,2798.765,15.7,1.74,20876.792183031415,0
242,0,husband,0,-44600,Police,5,1,1,1,0,0,100,300,0,-5.9625668449197864,355.897,2798.765,15.7,1.74,6920.0,0
259,0,wife,65000,-49200,Fire,17,3,1,2,3,4,100,300,0,0.25243649145230868,355.897,2798.765,15.7,1.74,21012.0,0
61,0,not-in-family,0,0,Ambulance,1,3,1,0,1,3,100,300,0,0.0,355.897,2798.765,15.7,1.74,4487.6,0
214,0,not-in-family,57700,-43500,Other,17,1,1,0,3,4,100,300,0,0.32112166440524648,355.897,2798.765,15.7,1.74,18555.927223579529,0
96,0,wife,0,0,Police,4,1,1,2,0,0,100,300,0,0.0,355.897,2798.765,15.7,1.74,15563.333333333332,0
293,0,unmarried,51500,0,Fire,13,3,1,1,3,5,100,300,0,1.0056629564538175,355.897,2798.765,15.7,1.74,82097.0,0
332,0,other-relative,91900,0,Police,22,4,2,0,2,5,100,300,0,1.2806577480490524,355.897,2798.765,15.7,1.74,19005.92105263158,1
225,5000000,not-in-family,49600,0,Fire,19,3,2,2,1,0,100,300,0,0.86111111111111116,355.897,2798.765,15.7,1.74,12721.0,0
334,6000000,other-relative,0,0,Police,2,1,2,1,1,5,100,300,0,0.0,355.897,2798.765,15.7,1.74,19005.92105263158,0
283,0,own-child,60700,-54300,Other,13,3,0,2,2,1,100,300,0,0.14988290398126464,355.897,2798.765,15.7,1.74,18555.927223579529,1
192,0,wife,0,-40300,Other,19,1,0,0,3,3,100,300,0,-0.52610966057441255,355.897,2798.765,15.7,1.74,18555.927223579529,0
165,0,other-relative,35300,-58100,Police,3,1,1,1,1,1,100,300,0,-7.6767676767676765,355.897,2798.765,15.7,1.74,4005.1791044776119,0
48,0,unmarried,0,-51000,Ambulance,1,1,0,2,2,4,100,300,0,-1.0537190082644627,355.897,2798.765,15.7,1.74,6920.0,0
211,0,not-in-family,0,0,Ambulance,1,1,1,1,3,4,100,300,0,0.0,355.897,2798.765,15.7,1.74,12432.136363636364,0
413,0,own-child,0,-31000,Ambulance,15,1,2,2,3,5,100,300,0,-0.31581092094539526,355.897,2798.765,15.7,1.74,251.0,1
232,0,not-in-family,0,-58400,Other,11,1,2,3,1,2,100,300,0,-0.75844155844155847,355.897,2798.765,15.7,1.74,8075.5,1
228,0,husband,43700,0,Police,20,1,0,2,0,1,100,300,0,7.223140495867769,355.897,2798.765,15.7,1.74,10577.774193548386,0
65,4000000,wife,0,-66300,Fire,6,3,2,3,3,2,100,300,0,-0.83082706766917291,355.897,2798.765,15.7,1.74,30054.112299465229,0
266,0,husband,0,-41400,Fire,18,1,1,3,1,1,100,300,0,-0.49586776859504134,355.897,2798.765,15.7,1.74,15563.333333333332,0
194,0,not-in-family,46500,0,Ambulance,15,3,1,0,1,4,100,300,0,0.86624441132637853,355.897,2798.765,15.7,1.74,12009.290322580644,0
294,0,unmarried,53900,0,None,3,1,0,1,0,4,100,300,0,8.8360655737704921,355.897,2798.765,15.7,1.74,9858.0166112956849,0
288,0,husband,0,0,Fire,4,3,2,1,2,3,100,300,0,0.0,419.317,4452.975,15.7,1.41,18555.927223579529,0
101,7000000,own-child,52000,-44500,Ambulance,20,3,1,3,1,3,100,300,0,0.13827433628318583,419.317,4452.975,15.7,1.41,6920.0,1
439,0,own-child,48900,-40900,Ambulance,9,1,2,0,1,0,100,300,0,0.16,419.317,4452.975,15.7,1.41,43360.0,0
239,0,not-in-family,0,0,None,10,1,0,0,0,2,100,300,0,0.0,419.317,4452.975,15.7,1.41,8165.0,0
98,0,wife,0,-26400,Other,3,1,2,0,1,3,100,300,0,-0.41198501872659177,419.317,4452.975,15.7,1.41,8159.2281879194652,0
284,-1000000,wife,0,0,Ambulance,13,1,0,1,2,1,100,300,0,0.0,419.317,4452.975,15.7,1.41,18396.571428571424,0
9,0,other-relative,51700,-33300,None,6,1,0,3,0,4,100,300,0,3.0976430976430978,419.317,4452.975,15.7,1.41,15150.666666666666,1
35,0,not-in-family,0,-51900,Fire,23,3,2,2,1,4,100,300,0,-0.975747320924986,419.317,4452.975,15.7,1.41,10700.791044776117,0
142,5000000,wife,0,0,Other,11,1,1,3,3,4,100,300,0,0.0,419.317,4452.975,15.7,1.41,18555.927223579529,1
112,0,unmarried,60000,-54800,Ambulance,21,3,0,1,2,3,100,300,0,0.10196078431372549,419.317,4452.975,15.7,1.41,15563.333333333332,0
272,0,other-relative,0,0,Ambulance,5,3,1,2,1,4,100,300,0,0.0,419.317,4452.975,15.7,1.41,8165.0,1
258,0,unmarried,0,-44400,Fire,0,3,2,3,2,3,100,300,0,-0.54652880354505173,419.317,4452.975,15.7,1.41,18555.927223579529,1
223,0,husband,88400,-46500,Police,7,3,1,0,2,4,100,300,0,0.5942419514962417,419.317,4452.975,15.7,1.41,18555.927223579529,0
344,0,other-relative,0,0,Ambulance,14,1,0,2,1,1,100,300,0,0.0,419.317,4452.975,15.7,1.41,15150.666666666666,0
304,0,own-child,0,0,Other,2,1,1,1,1,4,100,300,0,0.0,419.317,4452.975,15.7,1.41,6920.0,0
162,0,wife,30700,0,None,7,1,0,0,1,3,100,300,0,8.5277777777777786,419.317,4452.975,15.7,1.41,9449.2307692307677,1
148,0,own-child,57500,-93600,Police,4,3,2,2,1,3,100,300,0,-1.1114532019704433,419.317,4452.975,15.7,1.41,2510.666666666667,0
146,0,own-child,0,0,Fire,12,1,0,3,2,1,100,300,0,0.0,419.317,4452.975,15.7,1.41,14291.335721596723,0
453,6000000,unmarried,52600,-38800,Fire,0,1,0,0,2,4,100,300,0,0.19714285714285715,419.317,4452.975,15.7,1.41,62311.333333333328,1
123,0,own-child,38000,-41200,Ambulance,5,1,2,1,2,3,100,300,0,-0.040100250626566414,419.317,4452.975,15.7,1.41,17405.0,1
398,0,wife,0,-57900,Police,18,1,2,1,2,1,100,300,0,-0.58296415626258558,419.317,4452.975,15.7,1.41,18555.927223579529,1
96,6000000,wife,38900,-48700,Fire,22,1,0,0,3,2,100,300,0,-0.18338323353293412,419.317,4452.975,15.7,1.41,8159.2281879194652,0
145,0,other-relative,0,0,Ambulance,18,1,2,0,3,4,100,300,0,0.0,419.317,4452.975,15.7,1.41,18555.927223579529,0
56,0,own-child,0,-28800,Police,13,1,1,2,2,4,100,300,0,-0.49230769230769234,419.317,4452.975,15.7,1.41,8467.5,0
70,0,other-relative,62400,-52300,Ambulance,12,1,0,3,1,5,100,300,0,0.14561707035755478,419.317,4452.975,15.7,1.41,4487.6,0
310,0,other-relative,0,0,Police,21,1,1,0,2,3,100,300,0,0.0,419.317,4452.975,15.7,1.41,15150.666666666666,1
396,0,other-relative,0,-22400,Other,22,3,2,1,2,0,100,300,0,-0.426179604261796,419.317,4452.975,15.7,1.41,6920.0,0
179,6000000,own-child,53800,0,Police,4,1,1,2,2,1,100,300,0,0.992619926199262,419.317,4452.975,15.7,1.41,10032.327272727285,1
91,4000000,own-child,63600,0,Police,19,1,1,0,1,0,100,300,0,1.0500247647350174,419.317,4452.975,15.7,1.41,627.0,0
239,0,own-child,0,0,Police,20,3,0,0,3,4,100,300,0,0.0,419.317,4452.975,15.7,1.41,2510.666666666667,0
163,0,husband,35300,0,Fire,11,3,1,1,3,1,100,300,0,0.45778757618985866,419.317,4452.975,15.7,1.41,25486.888888888891,0
41,0,wife,35400,0,Fire,13,3,1,3,2,3,100,300,0,0.7375,419.317,4452.975,15.7,1.41,4487.6,0
156,0,husband,0,0,Police,3,1,2,0,2,4,100,300,0,0.0,419.317,4452.975,15.7,1.41,10478.78260869565,1
212,0,wife,0,-39300,Other,14,1,2,1,3,4,100,300,0,-0.92907801418439717,419.317,4452.975,15.7,1.41,6920.0,0
428,0,unmarried,0,0,Police,9,1,2,2,0,0,100,300,0,0.0,419.317,4452.975,15.7,1.41,14291.335721596723,0
155,0,other-relative,0,0,Ambulance,1,1,1,1,1,3,100,300,0,0.0,308.76,3700.658,11.5,1.2,6586.0,0
172,0,own-child,63600,-68700,Police,19,3,2,0,2,5,100,300,0,-0.063949843260188086,308.76,3700.658,11.5,1.2,10819.5,0
313,0,unmarried,0,0,Other,18,3,2,1,2,5,100,300,1,0.0,308.76,3700.658,11.5,1.2,62311.333333333328,1
94,0,husband,50300,0,Fire,6,3,1,2,2,5,100,300,0,1.3705722070844686,308.76,3700.658,11.5,1.2,21987.5,0
8,0,own-child,0,0,Other,16,3,1,3,2,3,100,300,1,0.0,308.76,3700.658,11.5,1.2,8159.2281879194652,1
359,0,unmarried,0,0,Police,13,1,0,3,3,5,100,300,0,0.0,530.678,5442.158,23.1,2.08,18555.927223579529,0
80,0,other-relative,64600,0,Other,12,1,0,0,1,3,100,300,0,0.71460176991150437,530.678,5442.158,23.1,2.08,20876.792183031415,0
97,0,husband,0,-32600,Ambulance,22,1,1,0,3,4,100,300,0,-0.72012370223105815,530.678,5442.158,23.1,2.08,59820.749999999993,0
208,0,husband,0,0,Ambulance,18,1,2,2,2,2,100,300,0,0.0,530.678,5442.158,23.1,2.08,10700.791044776117,0
177,0,wife,0,-13200,Ambulance,22,1,1,3,2,2,100,300,0,-0.15942028985507245,530.678,5442.158,23.1,2.08,13433.0,1
276,0,husband,0,-70400,Ambulance,17,1,1,2,1,2,100,300,0,-1.369916326133489,530.678,5442.158,23.1,2.08,9826.3333333333339,1
225,0,own-child,0,-20900,Police,16,3,2,0,2,4,100,300,0,-0.3245341614906832,530.678,5442.158,23.1,2.08,12432.136363636364,0
195,8000000,unmarried,0,0,Ambulance,12,1,0,2,2,5,100,300,0,0.0,530.678,5442.158,23.1,2.08,59820.749999999993,1
32,6000000,own-child,0,0,Police,15,3,2,1,1,2,100,300,0,0.0,530.678,5442.158,23.1,2.08,32519.4888888889,0
300,0,wife,0,0,None,3,1,1,0,0,4,100,300,0,0.0,530.678,5442.158,23.1,2.08,392.0,0
158,0,other-relative,0,-38600,Other,0,1,0,0,3,1,100,300,0,-1.1028571428571428,530.678,5442.158,23.1,2.08,18555.927223579529,0
285,0,other-relative,47600,0,Police,7,1,1,1,1,2,100,300,0,18.888888888888889,530.678,5442.158,23.1,2.08,20876.792183031415,0
182,0,husband,50000,-56900,Other,13,1,0,2,3,4,100,300,0,-0.0970464135021097,530.678,5442.158,23.1,2.08,8165.0,0
303,5000000,not-in-family,0,0,Fire,1,4,1,2,2,3,100,300,0,0.0,530.678,5442.158,23.1,2.08,2510.666666666667,0
370,0,other-relative,72700,-68200,Ambulance,20,3,0,0,2,0,100,300,0,0.062919463087248328,530.678,5442.158,23.1,2.08,18555.927223579529,1
337,0,wife,0,-34600,Fire,8,1,0,1,1,1,100,300,0,-0.40046296296296297,530.678,5442.158,23.1,2.08,18555.927223579529,0
61,0,other-relative,47400,0,Ambulance,15,3,2,1,2,2,100,300,0,0.72344322344322343,530.678,5442.158,23.1,2.08,15471.388888888887,1
342,0,not-in-family,0,0,Ambulance,12,1,0,0,2,2,100,300,0,0.0,530.678,5442.158,23.1,2.08,18555.927223579529,0
46,0,husband,43700,-66300,Ambulance,23,3,1,3,3,5,100,300,0,-0.2875318066157761,530.678,5442.158,23.1,2.08,4487.6,1
448,0,own-child,38600,-50300,Police,10,3,2,1,2,4,100,300,0,-0.2449748743718593,530.678,5442.158,23.1,2.08,18555.927223579529,1
269,0,not-in-family,0,-72300,Police,23,1,0,0,1,2,100,300,0,-0.91172761664564939,530.678,5442.158,23.1,2.08,6920.0,0
85,0,own-child,72400,-77000,Fire,9,3,2,1,3,5,100,300,0,-0.0780189959294437,530.678,5442.158,23.1,2.08,314.0,0
339,0,unmarried,0,0,Fire,18,3,2,1,3,4,100,300,0,0.0,530.678,5442.158,23.1,2.08,4704.0,0
26,0,not-in-family,50700,-36300,Police,10,1,2,3,2,4,100,300,0,0.22846263683960019,530.678,5442.158,23.1,2.08,6920.0,0
371,0,wife,34700,-81000,Ambulance,18,3,1,2,2,0,100,300,0,-1.4343246592317225,530.678,5442.158,23.1,2.08,9252.1999999999989,1
75,0,other-relative,0,0,Police,15,2,0,1,1,4,100,300,0,0.0,530.678,5442.158,23.1,2.08,4005.1791044776119,0
41,0,not-in-family,0,-56100,Other,12,3,2,0,2,2,100,300,0,-1.2433510638297873,530.678,5442.158,23.1,2.08,18555.927223579529,1
126,0,wife,54500,0,Fire,2,3,0,1,2,3,100,300,0,0.93305940763567885,530.678,5442.158,23.1,2.08,14926.368568755863,0
204,0,wife,0,-45100,Ambulance,5,1,0,1,3,5,100,300,0,-0.49817739975698666,530.678,5442.158,23.1,2.08,62311.333333333328,0
253,0,not-in-family,36600,0,Police,17,1,2,0,3,2,100,300,0,0.6465288818229995,530.678,5442.158,23.1,2.08,14926.368568755863,0
121,0,wife,52800,-32800,None,5,1,1,1,1,5,100,300,0,2.7472527472527473,530.678,5442.158,23.1,2.08,6690.1363636363631,0
140,0,wife,100500,0,Other,4,4,0,0,1,2,100,300,0,1.6702675752035898,530.678,5442.158,23.1,2.08,21012.0,0
250,0,husband,69500,-40700,Other,16,1,1,1,2,0,100,300,0,0.38502673796791442,530.678,5442.158,23.1,2.08,14818.25,1
195,0,wife,57800,-53300,Fire,14,3,2,3,3,1,100,300,0,0.065245759025663333,530.678,5442.158,23.1,2.08,14926.368568755863,0
88,0,husband,42800,-51200,Fire,3,1,2,0,3,2,100,300,0,-0.15,530.678,5442.158,23.1,2.08,18396.571428571424,0
285,0,wife,70900,0,Fire,23,1,2,3,2,4,100,300,0,0.65357669616519176,530.678,5442.158,23.1,2.08,12721.0,0
468,0,wife,0,0,Fire,7,3,0,3,2,4,100,300,0,0.0,530.678,5442.158,23.1,2.08,14926.368568755863,0
440,5000000,wife,51500,-52100,Police,19,3,0,3,2,2,100,300,0,-0.0087976539589442824,530.678,5442.158,23.1,2.08,59820.749999999993,1
281,6000000,other-relative,0,0,Fire,21,3,1,0,1,2,100,300,0,0.0,530.678,5442.158,23.1,2.08,32519.4888888889,0
140,0,wife,0,-42900,None,5,1,0,2,0,0,100,300,0,-15.0,530.678,5442.158,23.1,2.08,14926.368568755863,1
163,6000000,not-in-family,26900,0,Ambulance,14,3,2,0,3,4,100,300,0,0.42090439680801128,530.678,5442.158,23.1,2.08,18555.927223579529,0
297,0,wife,0,-54700,Fire,12,1,0,0,1,5,100,300,0,-0.90264026402640263,530.678,5442.158,23.1,2.08,9858.0166112956849,0
253,0,own-child,45800,0,None,9,1,0,3,0,0,100,300,0,8.481481481481481,530.678,5442.158,23.1,2.08,18396.571428571424,0
294,0,own-child,0,0,Other,8,1,0,3,3,2,100,300,0,0.0,530.678,5442.158,23.1,2.08,18555.927223579529,0
261,0,unmarried,0,-49400,Other,19,1,0,3,1,4,100,300,0,-0.615346287992028,530.678,5442.158,23.1,2.08,14926.368568755863,0
188,0,own-child,46300,0,Ambulance,6,1,2,0,3,4,100,300,0,1.028888888888889,530.678,5442.158,23.1,2.08,18555.927223579529,0
271,0,not-in-family,0,0,Ambulance,21,3,1,0,3,0,100,300,0,0.0,530.678,5442.158,23.1,2.08,18555.927223579529,0
293,0,husband,34900,0,Police,19,1,1,1,3,4,100,300,0,0.60896876635840169,530.678,5442.158,23.1,2.08,5226.666666666667,0
224,0,not-in-family,0,-55600,Other,21,1,1,0,1,4,100,300,0,-0.79610538373424966,530.678,5442.158,23.1,2.08,2510.666666666667,0
15,0,not-in-family,56700,0,Other,21,3,1,0,3,4,100,300,0,0.83813747228381374,530.678,5442.158,23.1,2.08,24462.0,0
86,7000000,other-relative,0,-30300,Police,11,1,1,1,1,4,100,300,0,-0.37023460410557185,530.678,5442.158,23.1,2.08,4086.4,1
247,0,wife,0,0,Police,3,1,2,3,0,2,100,300,0,0.0,530.678,5442.158,23.1,2.08,4487.6,0
234,0,wife,59400,-78600,Police,3,3,2,1,2,4,100,300,0,-0.19536019536019536,530.678,5442.158,23.1,2.08,14926.368568755863,1
27,0,other-relative,37900,0,Ambulance,11,1,1,0,3,4,100,300,0,0.616260162601626,530.678,5442.158,23.1,2.08,2510.666666666667,0
310,0,unmarried,11000,0,Police,11,4,0,2,2,4,100,300,0,0.18518518518518517,530.678,5442.158,23.1,2.08,6920.0,1
215,0,not-in-family,0,-42900,Fire,7,3,2,0,1,2,100,300,0,-0.75105042016806722,530.678,5442.158,23.1,2.08,18555.927223579529,0
285,0,other-relative,55100,0,Police,8,1,1,1,0,3,100,300,0,20.407407407407408,530.678,5442.158,23.1,2.08,62311.333333333328,0
169,0,other-relative,70600,-48500,Police,4,3,2,1,3,4,100,300,0,0.38169257340241797,530.678,5442.158,23.1,2.08,15150.666666666666,0
269,4000000,own-child,0,-41400,Ambulance,15,3,0,1,3,4,100,300,0,-0.41958041958041958,530.678,5442.158,23.1,2.08,14926.368568755863,1
120,0,other-relative,78300,0,Ambulance,22,3,2,0,3,0,100,300,0,1.5289982425307558,530.678,5442.158,23.1,2.08,9252.1999999999989,0
136,0,not-in-family,0,0,Police,6,1,0,0,2,4,100,300,0,0.0,530.678,5442.158,23.1,2.08,15239.699999999999,1
269,0,unmarried,36400,-28700,Other,14,1,0,2,1,4,100,300,0,0.13652482269503546,530.678,5442.158,23.1,2.08,48235.166666666664,0
107,4000000,other-relative,82100,0,Police,8,1,1,3,0,1,100,300,0,21.051282051282051,530.678,5442.158,23.1,2.08,62311.333333333328,0
41,0,own-child,46700,0,Police,12,1,1,1,0,4,100,300,0,6.7779390420899857,530.678,5442.158,23.1,2.08,3450.0,0
128,0,other-relative,0,-39300,Fire,0,1,1,0,3,2,100,300,0,-0.657190635451505,530.678,5442.158,23.1,2.08,62311.333333333328,1
10,0,not-in-family,0,-22200,Ambulance,3,3,0,3,2,5,100,300,0,-0.70813397129186606,530.678,5442.158,23.1,2.08,5262.7499999999991,1
264,6000000,wife,0,0,Fire,20,3,0,2,2,2,100,300,0,0.0,530.678,5442.158,23.1,2.08,9858.0166112956849,0
299,0,wife,25000,0,Other,13,1,1,3,1,1,100,300,0,0.35511363636363635,530.678,5442.158,23.1,2.08,20876.792183031415,0
143,5000000,unmarried,0,-65700,Fire,16,1,2,0,1,0,100,300,0,-1.2099447513812154,530.678,5442.158,23.1,2.08,6690.1363636363631,0
249,0,not-in-family,0,-71200,Fire,4,3,2,1,3,5,100,300,0,-1.2469352014010509,530.678,5442.158,23.1,2.08,14291.335721596723,0
253,0,other-relative,81300,0,Other,10,3,2,2,2,4,100,300,0,1.0069358434481051,530.678,5442.158,23.1,2.08,8593.2283105022834,1
475,0,own-child,67400,-83200,Police,20,1,0,2,1,3,100,300,0,-0.20256410256410257,530.678,5442.158,23.1,2.08,18555.927223579529,0
219,0,not-in-family,68700,0,None,6,1,1,0,0,1,100,300,0,10.734375,530.678,5442.158,23.1,2.08,12590.36567164179,0
27,0,other-relative,0,-32500,Other,10,3,0,2,2,4,100,300,0,-0.60634328358208955,389.517,3288.161,9.5,1.2,15150.666666666666,1
56,0,own-child,0,0,Fire,10,3,1,2,2,3,100,300,0,0.0,389.517,3288.161,9.5,1.2,19005.92105263158,0
156,0,other-relative,0,-61000,Ambulance,15,3,0,3,2,1,100,300,0,-1.4702337912750061,389.517,3288.161,9.5,1.2,13485.0,0
264,0,unmarried,55600,0,Other,4,1,1,0,1,4,100,300,0,0.920682232157642,389.517,3288.161,9.5,1.2,10976.0,1
3,5000000,unmarried,0,0,Police,3,1,2,1,0,4,100,300,0,0.0,389.517,3288.161,9.5,1.2,18555.927223579529,1
61,0,other-relative,54600,0,Fire,6,1,1,2,2,4,100,300,0,1.3046594982078854,389.517,3288.161,9.5,1.2,18555.927223579529,0
285,0,wife,46100,0,Police,9,1,1,2,1,2,100,300,0,1.3769414575866188,389.517,3288.161,9.5,1.2,13430.5,0
209,0,wife,0,0,Ambulance,17,3,1,3,3,5,100,300,0,0.0,389.517,3288.161,9.5,1.2,58971.0,0
257,0,own-child,0,-29200,Police,4,1,1,3,1,0,100,300,0,-3.2372505543237251,389.517,3288.161,9.5,1.2,12590.36567164179,0
193,0,husband,0,0,Ambulance,23,3,2,1,3,2,100,300,0,0.0,389.517,3288.161,9.5,1.2,8159.2281879194652,0
375,0,other-relative,0,0,Police,16,1,2,3,2,1,100,300,0,0.0,363.758,2821.442,5.8,1.08,15150.666666666666,1
421,4000000,own-child,49500,-81100,Ambulance,7,1,2,3,2,3,100,300,0,-0.34077429095222689,363.758,2821.442,5.8,1.08,18555.927223579529,1
244,0,husband,0,0,Police,2,1,1,3,0,5,100,300,0,0.0,363.758,2821.442,5.8,1.08,8593.2283105022834,0
461,7000000,own-child,0,0,Ambulance,7,3,0,1,2,0,100,300,0,0.0,363.758,2821.442,5.8,1.08,4487.6,0
154,0,other-relative,36900,0,Police,15,3,2,1,2,4,100,300,0,0.5310880829015544,363.758,2821.442,5.8,1.08,3136.0,1
69,0,unmarried,0,0,Fire,14,1,2,2,1,0,100,300,0,0.0,363.758,2821.442,5.8,1.08,15150.666666666666,0
230,0,own-child,0,0,Ambulance,19,3,2,0,1,4,100,300,0,0.0,363.758,2821.442,5.8,1.08,8165.0,0
45,0,not-in-family,0,0,None,6,1,1,3,1,5,100,300,0,0.0,363.758,2821.442,5.8,1.08,18555.927223579529,0
194,0,husband,67800,0,Ambulance,11,3,1,2,1,4,100,300,0,1.1853146853146854,363.758,2821.442,5.8,1.08,12590.36567164179,0
275,0,own-child,35700,0,Fire,13,3,0,1,2,0,100,300,0,0.6123499142367067,363.758,2821.442,5.8,1.08,18555.927223579529,0
235,4000000,wife,0,-31700,None,1,1,2,1,0,5,100,300,0,-6.404040404040404,363.758,2821.442,5.8,1.08,1803.0,0
258,10000000,other-relative,34400,-56800,Other,14,3,0,1,3,5,100,300,0,-0.469601677148847,363.758,2821.442,5.8,1.08,18555.927223579529,1
428,0,unmarried,0,-24400,Fire,16,3,1,0,1,3,100,300,0,-0.31870428422152558,363.758,2821.442,5.8,1.08,10032.327272727285,0
308,6000000,own-child,45700,-41400,None,7,1,1,1,1,1,100,300,0,0.76923076923076927,363.758,2821.442,5.8,1.08,18555.927223579529,0
186,0,husband,70300,-70900,None,7,1,1,1,0,0,100,300,0,-0.16666666666666666,363.758,2821.442,5.8,1.08,30054.112299465229,0
103,0,husband,66300,0,Police,14,2,2,2,1,5,100,300,0,1.6330049261083743,363.758,2821.442,5.8,1.08,13485.0,0
222,0,unmarried,49600,-49200,Other,17,2,2,0,1,4,100,300,0,0.0049079754601227,363.758,2821.442,5.8,1.08,20876.792183031415,0
91,0,husband,0,0,None,4,1,1,2,0,4,100,300,0,0.0,363.758,2821.442,5.8,1.08,45000.0,0
33,5000000,husband,70300,-50300,Ambulance,2,1,0,1,1,4,100,300,0,0.35669698591046906,363.758,2821.442,5.8,1.08,12138.182741116756,0
142,0,husband,0,-48500,Police,10,1,1,2,2,5,100,300,0,-0.89220014716703455,363.758,2821.442,5.8,1.08,18555.927223579529,1
257,0,husband,46100,-46900,Ambulance,3,3,2,1,2,1,100,300,0,-0.015984015984015984,363.758,2821.442,5.8,1.08,9858.0166112956849,1
131,0,wife,0,-65200,Police,3,1,0,1,1,5,100,300,0,-13.306122448979592,363.758,2821.442,5.8,1.08,10577.774193548386,0
246,0,not-in-family,0,0,Other,6,1,1,0,1,0,100,300,0,0.0,363.758,2821.442,5.8,1.08,18555.927223579529,0
178,0,own-child,0,0,Police,3,3,2,0,1,4,100,300,0,0.0,363.758,2821.442,5.8,1.08,34968.0,0
107,5000000,own-child,20000,-82700,Police,21,3,1,2,3,1,100,300,0,-0.66894270777765918,363.758,2821.442,5.8,1.08,14291.335721596723,0
99,3000000,unmarried,0,0,Fire,17,1,1,1,3,4,100,300,0,0.0,363.758,2821.442,5.8,1.08,4487.6,0
160,0,husband,0,-36600,Fire,5,3,2,1,3,0,100,300,0,-0.70793036750483562,363.758,2821.442,5.8,1.08,6920.0,0
114,0,wife,51400,-64000,Ambulance,1,3,1,2,2,0,100,300,0,-0.16340293087796653,363.758,2821.442,5.8,1.08,18555.927223579529,0
172,6000000,wife,41300,-42000,Ambulance,15,3,0,1,3,0,100,300,0,-0.016790597265531303,363.758,2821.442,5.8,1.08,6920.0,0
128,0,other-relative,0,-28300,Ambulance,2,3,0,2,2,0,100,300,0,-0.40469040469040468,363.758,2821.442,5.8,1.08,12056.666666666666,1
103,0,husband,0,-74800,Police,11,3,1,1,1,2,100,300,0,-0.96267696267696268,363.758,2821.442,5.8,1.08,59820.749999999993,0
362,0,unmarried,44400,-71500,Police,0,3,0,3,3,4,100,300,0,-0.68279163517258756,363.758,2821.442,5.8,1.08,18555.927223579529,0
214,7000000,own-child,0,0,Ambulance,17,3,0,3,1,1,100,300,0,0.0,363.758,2821.442,5.8,1.08,6920.0,0
461,0,husband,0,0,Police,10,3,2,1,1,4,100,300,0,0.0,363.758,2821.442,5.8,1.08,59820.749999999993,0
62,0,unmarried,0,0,Police,3,1,1,1,3,3,100,300,0,0.0,363.758,2821.442,5.8,1.08,18555.927223579529,1
274,0,wife,40700,-47300,Fire,22,1,0,3,2,2,100,300,0,-0.10338345864661654,363.758,2821.442,5.8,1.08,12372.166666666666,1
230,0,own-child,0,-45300,Other,13,3,1,2,1,5,100,300,0,-0.76975361087510619,363.758,2821.442,5.8,1.08,18555.927223579529,0
9,0,not-in-family,0,0,Police,12,1,0,0,3,0,100,300,0,0.0,363.758,2821.442,5.8,1.08,20876.792183031415,0
159,0,husband,69200,-36900,Ambulance,23,3,2,0,2,2,100,300,0,0.71969696969696972,363.758,2821.442,5.8,1.08,18555.927223579529,1
87,0,own-child,0,0,Police,2,1,2,1,1,3,100,300,0,0.0,363.758,2821.442,5.8,1.08,62311.333333333328,0
254,0,other-relative,35700,0,Ambulance,6,3,2,2,1,5,100,300,0,0.43367346938775508,363.758,2821.442,5.8,1.08,2510.666666666667,1
180,0,wife,0,0,Ambulance,7,3,2,1,1,2,100,300,0,0.0,363.758,2821.442,5.8,1.08,9608.58208955224,0
193,0,not-in-family,34200,-32300,Fire,6,1,0,0,1,4,100,300,0,0.0297339593114241,363.758,2821.442,5.8,1.08,18555.927223579529,0
174,0,own-child,53200,-53800,Ambulance,21,3,2,2,3,2,100,300,0,-0.0091743119266055051,363.758,2821.442,5.8,1.08,7056.0,0
66,0,husband,0,-31700,Other,0,1,2,1,3,1,100,300,0,-0.65645061089252432,363.758,2821.442,5.8,1.08,2524.0,0
364,0,wife,0,0,Other,16,1,2,1,2,3,100,300,0,0.0,363.758,2821.442,5.8,1.08,7620.8484848484868,1
134,0,wife,0,0,Other,17,1,1,0,3,4,100,300,0,0.0,363.758,2821.442,5.8,1.08,8165.0,0
78,0,husband,0,0,Police,20,1,0,1,1,3,100,300,0,0.0,363.758,2821.442,5.8,1.08,2510.666666666667,0
286,3000000,unmarried,77500,-32800,Fire,18,1,2,2,1,5,100,300,0,1.3035870516185477,363.758,2821.442,5.8,1.08,43753.5,0
152,0,husband,0,0,Fire,18,1,1,0,1,4,100,300,0,0.0,363.758,2821.442,5.8,1.08,18555.927223579529,0
479,0,husband,0,0,Ambulance,18,1,0,0,3,2,100,300,0,0.0,363.758,2821.442,5.8,1.08,6638.0,0
103,6000000,own-child,0,0,Ambulance,21,1,1,0,1,5,100,300,0,0.0,363.758,2821.442,5.8,1.08,18396.571428571424,0
130,0,other-relative,0,-41200,None,8,1,1,3,0,3,100,300,0,-7.066895368782161,363.758,2821.442,5.8,1.08,4487.6,0
305,0,own-child,0,-42100,Fire,21,3,0,2,3,0,100,300,0,-0.63260706235912845,363.758,2821.442,5.8,1.08,6646.0,0
322,0,husband,49900,-62700,Fire,20,3,0,3,2,2,100,300,0,-0.25910931174089069,363.758,2821.442,5.8,1.08,34968.0,0
27,0,own-child,0,-55800,Fire,23,1,1,3,3,2,100,300,0,-0.9064327485380117,363.758,2821.442,5.8,1.08,9858.0166112956849,0
295,0,wife,0,0,Fire,5,1,1,1,1,0,100,300,0,0.0,363.758,2821.442,5.8,1.08,4965.666666666667,0
280,0,own-child,0,-51600,Fire,1,1,0,2,3,4,100,300,0,-0.67012987012987013,363.758,2821.442,5.8,1.08,18555.927223579529,0
264,6000000,wife,0,0,Other,0,3,2,1,2,4,100,300,0,0.0,363.758,2821.442,5.8,1.08,82097.0,1
260,0,husband,35000,0,Fire,7,1,0,1,1,5,100,300,0,0.54619225967540574,363.758,2821.442,5.8,1.08,12590.36567164179,0
222,0,not-in-family,0,-64500,Police,20,1,2,2,3,5,100,300,0,-1.066468253968254,363.758,2821.442,5.8,1.08,18555.927223579529,0
175,0,wife,82400,-57100,Other,14,1,2,1,2,4,100,300,0,0.68899782135076248,363.758,2821.442,5.8,1.08,5262.7499999999991,1
32,0,own-child,0,-45700,Ambulance,11,3,2,0,1,5,100,300,0,-0.78833879592892875,363.758,2821.442,5.8,1.08,6920.0,0
109,6000000,husband,0,0,Police,17,3,1,3,1,0,100,300,0,0.0,363.758,2821.442,5.8,1.08,59820.749999999993,0
253,0,husband,52900,0,Ambulance,11,3,0,0,2,5,100,300,0,0.81926591296267615,363.758,2821.442,5.8,1.08,59820.749999999993,0
166,0,wife,65600,-68200,Other,18,1,0,2,3,0,100,300,0,-0.048435171385991058,363.758,2821.442,5.8,1.08,14291.335721596723,0
107,0,wife,62800,0,Ambulance,14,3,1,0,1,4,100,300,0,1.051926298157454,363.758,2821.442,5.8,1.08,10032.327272727285,0
435,0,not-in-family,0,-40000,Other,19,3,1,1,3,4,100,300,0,-0.96408773198361053,363.758,2821.442,5.8,1.08,18555.927223579529,0
233,0,wife,61600,-30200,Fire,17,1,0,2,3,0,100,300,0,0.38996522603079981,363.758,2821.442,5.8,1.08,13172.0,0
152,0,husband,0,0,Ambulance,2,1,0,2,1,0,100,300,0,0.0,363.758,2821.442,5.8,1.08,6899.0,1
143,0,wife,67900,0,Other,10,1,2,3,1,2,100,300,0,1.1606837606837608,363.758,2821.442,5.8,1.08,4487.6,0
211,0,other-relative,76000,0,Police,2,1,0,1,3,3,100,300,0,1.4606957524505093,363.758,2821.442,5.8,1.08,18555.927223579529,0
260,0,not-in-family,54500,-72100,Fire,18,1,1,0,3,4,100,300,0,-0.23342175066312998,363.758,2821.442,5.8,1.08,14291.335721596723,0
290,0,wife,38500,0,Ambulance,23,3,0,0,2,1,100,300,0,0.73124406457739788,363.758,2821.442,5.8,1.08,62311.333333333328,1
99,0,wife,0,0,Other,3,1,2,2,3,5,100,300,0,0.0,363.758,2821.442,5.8,1.08,2510.666666666667,0
186,0,wife,37600,-37600,Police,3,1,2,1,0,1,100,300,0,0.0,363.758,2821.442,5.8,1.08,14559.882352941177,1
110,0,husband,0,0,Ambulance,19,1,2,3,2,1,250,500,0,0.0,208.659,2912.824,11.2,1.21,6920.0,1
195,0,not-in-family,47600,-39600,Police,5,1,0,1,1,4,250,500,0,3.0303030303030303,208.659,2912.824,11.2,1.21,62311.333333333328,0
189,0,own-child,0,0,Police,7,3,2,0,1,2,250,500,0,0.0,208.659,2912.824,11.2,1.21,2510.666666666667,0
186,0,husband,39300,-60300,Police,23,3,2,2,3,3,250,500,0,-0.30541012216404889,208.659,2912.824,11.2,1.21,6920.0,1
111,4000000,husband,51100,0,Police,12,1,2,3,3,3,250,500,0,0.56172364515774431,208.659,2912.824,11.2,1.21,18555.927223579529,0
441,4000000,husband,24000,-50500,None,4,1,0,0,1,2,250,500,0,-4.140625,208.659,2912.824,11.2,1.21,4749.5,0
140,5000000,other-relative,0,0,Fire,13,1,2,3,2,2,250,500,0,0.0,208.659,2912.824,11.2,1.21,13772.666666666666,1
25,7000000,wife,40900,0,None,0,1,1,1,0,2,250,500,0,9.4675925925925934,208.659,2912.824,11.2,1.21,9608.58208955224,0
65,0,own-child,0,0,None,14,1,0,0,0,0,250,500,0,0.0,208.659,2912.824,11.2,1.21,15150.666666666666,0
64,0,other-relative,0,-61400,Ambulance,4,1,1,2,1,0,250,500,0,-1.4050343249427917,208.659,2912.824,11.2,1.21,15563.333333333332,1
277,0,husband,0,-65500,Police,4,1,2,3,1,1,250,500,0,-16.925064599483203,208.659,2912.824,11.2,1.21,34968.0,0
228,5000000,other-relative,0,0,Police,8,1,0,0,1,5,250,500,0,0.0,208.659,2912.824,11.2,1.21,18555.927223579529,1
151,0,own-child,94800,-58500,Police,12,3,1,1,1,5,250,500,0,0.57692307692307687,208.659,2912.824,11.2,1.21,8159.2281879194652,0
200,0,wife,57300,-80600,None,13,1,0,3,0,0,250,500,0,-3.5901386748844377,208.659,2912.824,11.2,1.21,5973.333333333333,0
210,0,other-relative,0,0,Police,6,1,1,2,1,4,250,500,0,0.0,208.659,2912.824,11.2,1.21,18555.927223579529,0
330,0,husband,0,0,Ambulance,10,1,1,3,2,2,250,500,0,0.0,208.659,2912.824,11.2,1.21,2510.666666666667,0
295,0,own-child,52200,-44500,None,10,1,1,3,1,4,250,500,0,1.6885964912280702,208.659,2912.824,11.2,1.21,15563.333333333332,0
411,0,other-relative,0,0,Ambulance,23,3,0,0,2,2,250,500,0,0.0,208.659,2912.824,11.2,1.21,10036.0,0
436,0,wife,67600,-65300,Ambulance,16,1,0,2,1,0,250,500,0,0.028028271996100414,208.659,2912.824,11.2,1.21,6920.0,0
398,0,wife,66200,-49700,Fire,18,1,1,3,2,5,250,500,0,0.44910179640718562,208.659,2912.824,11.2,1.21,17572.235127478758,1
369,0,husband,55400,0,Police,6,3,2,0,1,2,250,500,0,0.64947245017585,208.659,2912.824,11.2,1.21,10532.527777777776,0
97,0,not-in-family,0,0,Other,4,2,2,2,2,2,250,500,0,0.0,208.659,2912.824,11.2,1.21,14291.335721596723,1
390,0,other-relative,0,0,None,9,1,1,1,1,1,250,500,0,0.0,208.659,2912.824,11.2,1.21,62311.333333333328,0
203,0,not-in-family,0,0,Ambulance,7,1,0,1,2,3,250,500,0,0.0,208.659,2912.824,11.2,1.21,2524.0,1
295,5000000,not-in-family,62400,0,Fire,16,3,0,0,3,4,250,500,0,1.0553018772196854,208.659,2912.824,11.2,1.21,8159.2281879194652,1
73,4000000,not-in-family,29300,0,Other,9,3,0,1,3,5,250,500,0,0.72958167330677293,208.659,2912.824,11.2,1.21,14926.368568755863,0
406,0,own-child,0,-42700,Other,15,3,1,2,3,5,250,500,0,-0.65170940170940173,355.897,2798.765,15.7,1.74,13154.0,0
237,0,husband,53200,0,Police,23,1,0,1,2,4,250,500,0,0.89864864864864868,355.897,2798.765,15.7,1.74,18396.571428571424,0
140,6000000,wife,59000,0,None,2,1,1,2,1,4,250,500,0,9.640522875816993,355.897,2798.765,15.7,1.74,4749.5,1
149,0,wife,0,-60000,Fire,3,1,0,1,3,4,250,500,0,-0.57121096725057119,355.897,2798.765,15.7,1.74,4487.6,0
296,0,husband,53100,-63400,Ambulance,9,3,1,2,3,1,250,500,0,-0.16073657927590512,355.897,2798.765,15.7,1.74,6920.0,0
137,0,unmarried,55600,-59700,Other,4,3,2,1,1,5,250,500,0,-0.055382952856949885,355.897,2798.765,15.7,1.74,14926.368568755863,0
295,0,wife,0,0,None,6,1,1,2,0,2,250,500,0,0.0,355.897,2798.765,15.7,1.74,6920.0,0
284,0,other-relative,48200,0,Fire,12,3,0,0,3,4,250,500,0,1.3041125541125542,355.897,2798.765,15.7,1.74,14926.368568755863,0
199,0,other-relative,0,-53100,Police,6,1,0,2,2,0,250,500,0,-1.1948694869486949,355.897,2798.765,15.7,1.74,32519.4888888889,1
207,0,own-child,55200,0,None,9,1,0,1,0,4,250,500,0,9.35593220338983,355.897,2798.765,15.7,1.74,24999.285714285714,0
476,0,not-in-family,42800,-68200,Fire,10,1,1,2,3,3,250,500,0,-0.51427414456367682,355.897,2798.765,15.7,1.74,18555.927223579529,0
194,0,own-child,0,0,Other,3,3,2,2,2,3,250,500,0,0.0,355.897,2798.765,15.7,1.74,7056.0,0
266,0,husband,0,0,Police,4,1,1,2,3,0,250,500,0,0.0,355.897,2798.765,15.7,1.74,20876.792183031415,0
297,7000000,unmarried,0,-59500,Fire,0,3,0,3,3,5,250,500,0,-1.34009009009009,355.897,2798.765,15.7,1.74,19005.92105263158,0
198,0,other-relative,0,-55100,Other,18,1,1,1,2,1,250,500,0,-0.58,355.897,2798.765,15.7,1.74,62311.333333333328,0
322,0,own-child,0,-46000,Ambulance,18,1,0,2,2,4,250,500,0,-1.0890151515151516,355.897,2798.765,15.7,1.74,18396.571428571424,0
478,0,unmarried,59600,0,Fire,17,3,1,1,1,1,250,500,0,1.7565576186265841,355.897,2798.765,15.7,1.74,32519.4888888889,0
289,0,wife,46700,-72500,Police,9,1,2,1,0,3,250,500,0,-9.5555555555555554,355.897,2798.765,15.7,1.74,5262.7499999999991,0
153,0,other-relative,45600,-61400,Other,0,3,1,0,3,0,250,500,0,-0.20316317346020316,355.897,2798.765,15.7,1.74,15563.333333333332,0
456,0,husband,0,0,Police,6,1,0,3,1,1,250,500,0,0.0,355.897,2798.765,15.7,1.74,18555.927223579529,0
285,0,not-in-family,52600,0,Police,3,1,1,0,1,5,250,500,0,9.5636363636363644,355.897,2798.765,15.7,1.74,3880.75,0
465,6000000,own-child,0,0,Other,7,1,0,3,1,3,250,500,0,0.0,355.897,2798.765,15.7,1.74,18555.927223579529,0
371,0,not-in-family,79600,0,Other,2,3,2,1,2,4,250,500,0,0.94201183431952662,355.897,2798.765,15.7,1.74,17405.0,1
236,0,not-in-family,0,-62500,Ambulance,16,1,0,1,2,2,250,500,0,-0.93506882106523037,355.897,2798.765,15.7,1.74,18555.927223579529,0
211,4000000,not-in-family,42200,-33800,Police,22,3,1,0,3,4,250,500,0,0.15712682379349047,355.897,2798.765,15.7,1.74,14291.335721596723,0
280,0,not-in-family,0,-72000,Fire,16,1,2,2,1,4,250,500,0,-1.1741682974559686,355.897,2798.765,15.7,1.74,35398.0,0
209,0,husband,38600,-52900,Police,8,1,2,0,3,0,250,500,0,-0.17852684144818975,355.897,2798.765,15.7,1.74,8165.0,0
320,7000000,not-in-family,46300,-41700,Fire,13,3,2,0,1,2,250,500,0,0.081908831908831914,355.897,2798.765,15.7,1.74,6920.0,0
292,0,other-relative,0,-53800,Other,15,3,1,1,3,4,250,500,0,-0.63593380614657213,355.897,2798.765,15.7,1.74,18396.571428571424,0
85,9000000,husband,0,0,Other,1,2,2,1,2,5,250,500,0,0.0,355.897,2798.765,15.7,1.74,35398.0,1
114,0,husband,0,-34700,None,3,1,0,3,1,3,250,500,0,-7.4145299145299148,355.897,2798.765,15.7,1.74,14559.882352941177,0
255,0,own-child,0,-52600,Fire,2,3,1,0,1,4,250,500,0,-0.90909090909090906,355.897,2798.765,15.7,1.74,9021.70588235294,0
360,0,not-in-family,0,-62400,Ambulance,15,3,2,0,3,4,250,500,0,-0.68965517241379315,355.897,2798.765,15.7,1.74,32519.4888888889,0
14,0,unmarried,0,-26900,Fire,18,1,2,1,2,1,250,500,0,-0.377384960718294,355.897,2798.765,15.7,1.74,392.0,1
26,0,husband,0,-53700,Police,0,1,0,2,2,3,250,500,0,-1.0783132530120483,355.897,2798.765,15.7,1.74,18555.927223579529,0
255,0,not-in-family,38200,0,Fire,17,3,0,3,3,4,250,500,0,1.3037542662116042,355.897,2798.765,15.7,1.74,8165.0,0
11,0,husband,56600,-45800,Ambulance,22,1,0,1,3,4,250,500,0,0.16415868673050615,355.897,2798.765,15.7,1.74,6920.0,0
78,4000000,own-child,0,-27900,Other,21,1,1,0,2,4,250,500,0,-0.50125763564498738,355.897,2798.765,15.7,1.74,14291.335721596723,1
189,0,own-child,0,-49400,Police,17,3,1,3,2,5,250,500,0,-0.62091503267973858,355.897,2798.765,15.7,1.74,7696.7,0
126,0,other-relative,0,0,Police,3,4,0,1,3,4,250,500,0,0.0,355.897,2798.765,15.7,1.74,62311.333333333328,0
229,0,not-in-family,65600,0,Other,14,3,1,1,2,5,250,500,0,0.954043048283886,355.897,2798.765,15.7,1.74,9858.0166112956849,0
137,0,husband,48500,-67400,Police,4,1,1,1,1,4,250,500,0,-2.8636363636363638,355.897,2798.765,15.7,1.74,12492.0,0
163,0,husband,55700,-49900,Ambulance,1,1,2,1,3,5,250,500,0,0.11286242459622495,355.897,2798.765,15.7,1.74,9084.3333333333339,0
286,0,wife,25800,0,Police,3,1,2,0,0,2,250,500,0,6.2926829268292686,355.897,2798.765,15.7,1.74,18396.571428571424,0
239,5000000,other-relative,0,0,Police,12,3,1,3,2,3,250,500,0,0.0,355.897,2798.765,15.7,1.74,6920.0,0
134,0,husband,14100,-44500,Ambulance,17,3,2,0,1,4,250,500,0,-0.39378238341968913,355.897,2798.765,15.7,1.74,8159.2281879194652,0
404,0,not-in-family,25500,-36700,Police,8,1,0,1,0,1,250,500,0,-1.2727272727272727,355.897,2798.765,15.7,1.74,18555.927223579529,0
174,0,own-child,0,0,Ambulance,14,3,0,1,3,2,250,500,0,0.0,355.897,2798.765,15.7,1.74,6920.0,0
235,0,husband,39900,-60200,Other,7,4,2,1,3,3,250,500,0,-0.29377713458755428,355.897,2798.765,15.7,1.74,19444.0,0
76,0,husband,0,0,Ambulance,6,3,1,1,3,5,250,500,0,0.0,355.897,2798.765,15.7,1.74,18555.927223579529,0
342,0,not-in-family,63100,-13800,Fire,3,1,2,0,1,4,250,500,0,0.64276401564537156,355.897,2798.765,15.7,1.74,18555.927223579529,0
254,0,husband,0,-90600,Ambulance,3,3,1,3,2,5,250,500,0,-1.4249764076753697,355.897,2798.765,15.7,1.74,9095.0,0
415,0,not-in-family,50400,0,Police,15,2,1,3,3,4,250,500,0,0.98649442160892542,355.897,2798.765,15.7,1.74,10532.527777777776,0
229,0,not-in-family,42600,-44400,None,3,1,1,0,1,0,250,500,0,-0.38961038961038963,355.897,2798.765,15.7,1.74,9598.3448275862083,0
429,6000000,own-child,67400,-43800,Ambulance,0,1,2,0,1,1,250,500,0,0.59777102330293819,355.897,2798.765,15.7,1.74,18555.927223579529,0
70,4000000,own-child,46000,0,Police,19,1,2,3,0,3,250,500,0,10.454545454545455,355.897,2798.765,15.7,1.74,12590.36567164179,0
176,5000000,unmarried,32800,-50600,Police,17,1,2,1,3,2,250,500,0,-0.3763213530655391,355.897,2798.765,15.7,1.74,8938.0,0
385,0,husband,0,-61000,Other,14,3,1,3,1,5,250,500,0,-0.90236686390532539,355.897,2798.765,15.7,1.74,18555.927223579529,0
290,0,other-relative,0,-61400,Ambulance,20,3,1,3,1,0,250,500,0,-1.0933048433048433,355.897,2798.765,15.7,1.74,15150.666666666666,0
386,0,not-in-family,36800,0,Police,16,1,2,3,1,4,250,500,0,0.55205520552055209,355.897,2798.765,15.7,1.74,8467.0,0
267,0,unmarried,35000,0,None,3,1,2,3,0,5,250,500,0,7.0707070707070709,355.897,2798.765,15.7,1.74,12590.36567164179,0
421,0,own-child,69900,0,Police,22,3,0,0,1,1,250,500,0,0.89044585987261149,419.317,4452.975,15.7,1.41,8165.0,0
267,0,unmarried,49000,0,None,0,1,1,3,1,4,250,500,0,25.520833333333332,419.317,4452.975,15.7,1.41,14926.368568755863,0
97,0,unmarried,0,-72100,Other,10,3,2,3,3,3,250,500,0,-0.84903438530381536,419.317,4452.975,15.7,1.41,59820.749999999993,1
10,0,wife,0,-60700,Police,5,1,0,2,1,4,250,500,0,-1.2400408580183861,419.317,4452.975,15.7,1.41,18555.927223579529,1
39,0,husband,0,-15700,Fire,14,3,1,0,2,0,250,500,0,-0.29791271347248577,419.317,4452.975,15.7,1.41,10558.0,1
96,5000000,other-relative,47500,-58700,Ambulance,15,3,2,3,2,2,250,500,0,-0.20216606498194944,419.317,4452.975,15.7,1.41,13772.666666666666,1
136,0,not-in-family,37900,0,Fire,23,1,0,1,1,4,250,500,0,1.234527687296417,419.317,4452.975,15.7,1.41,10732.555555555555,0
32,5000000,unmarried,0,0,Police,22,1,0,0,0,1,250,500,0,0.0,419.317,4452.975,15.7,1.41,14291.335721596723,0
243,0,other-relative,33200,0,Other,4,3,2,1,1,4,250,500,0,0.64591439688715957,419.317,4452.975,15.7,1.41,627.0,0
254,0,husband,59800,0,Police,19,3,0,0,3,4,250,500,0,0.75050200803212852,419.317,4452.975,15.7,1.41,20876.792183031415,0
352,0,wife,0,0,Fire,23,1,2,2,1,1,250,500,0,0.0,419.317,4452.975,15.7,1.41,18396.571428571424,0
183,0,not-in-family,20200,0,Police,17,1,0,1,2,3,250,500,0,0.38906009244992296,419.317,4452.975,15.7,1.41,8165.0,1
22,0,other-relative,51100,0,Other,0,4,1,0,3,2,250,500,0,0.66251782704524831,419.317,4452.975,15.7,1.41,18555.927223579529,0
279,0,husband,37300,-31700,Fire,16,3,2,3,1,4,250,500,0,0.19444444444444445,419.317,4452.975,15.7,1.41,10478.78260869565,0
38,0,not-in-family,0,-39700,None,17,1,2,1,0,3,250,500,0,-5.5138888888888893,419.317,4452.975,15.7,1.41,16873.000000000004,0
137,0,husband,52700,-40600,Ambulance,6,3,1,2,1,0,250,500,0,0.23818897637795275,419.317,4452.975,15.7,1.41,18555.927223579529,0
289,0,unmarried,0,0,Ambulance,18,1,0,1,1,4,250,500,0,0.0,419.317,4452.975,15.7,1.41,20876.792183031415,1
380,6000000,wife,0,0,Police,23,1,0,3,0,1,250,500,0,0.0,419.317,4452.975,15.7,1.41,6920.0,0
394,0,own-child,51500,0,Police,9,1,1,0,0,0,250,500,0,7.4746008708272855,419.317,4452.975,15.7,1.41,15150.666666666666,0
143,0,husband,37700,0,Other,21,4,2,0,2,1,250,500,0,0.4952706253284288,419.317,4452.975,15.7,1.41,15150.666666666666,0
405,0,unmarried,57100,0,Fire,2,4,0,2,1,4,250,500,0,1.4777432712215322,419.317,4452.975,15.7,1.41,14926.368568755863,0
266,0,own-child,0,-45800,Police,5,1,1,2,1,1,250,500,0,-21.203703703703702,419.317,4452.975,15.7,1.41,9608.58208955224,0
156,0,unmarried,0,-51800,Police,16,4,1,2,1,0,250,500,0,-0.97003745318352064,419.317,4452.975,15.7,1.41,3880.75,1
100,6000000,not-in-family,67300,0,Other,4,1,1,2,1,2,250,500,0,1.6495098039215685,419.317,4452.975,15.7,1.41,16873.000000000004,0
41,0,husband,0,0,None,8,1,0,0,1,0,250,500,0,0.0,419.317,4452.975,15.7,1.41,2510.666666666667,0
199,0,husband,0,0,Ambulance,10,1,1,2,1,1,250,500,0,0.0,419.317,4452.975,15.7,1.41,18396.571428571424,0
135,0,other-relative,0,-69600,Fire,7,1,1,2,3,4,250,500,0,-0.89002557544757033,419.317,4452.975,15.7,1.41,8165.0,0
130,3000000,other-relative,35100,0,Police,4,3,2,3,1,3,250,500,0,0.52,419.317,4452.975,15.7,1.41,18555.927223579529,0
94,0,other-relative,0,-52600,Fire,19,1,1,3,2,0,250,500,0,-0.8205928237129485,419.317,4452.975,15.7,1.41,18396.571428571424,0
275,0,unmarried,0,-45300,Fire,17,1,1,3,1,3,250,500,1,-1.0478834142956281,308.76,3700.658,11.5,1.2,13772.666666666666,0
124,0,husband,0,-32100,Other,20,3,0,1,3,5,250,500,1,-0.53322259136212624,308.76,3700.658,11.5,1.2,15416.399999999998,0
256,6000000,unmarried,48900,-62400,Police,5,1,1,2,2,4,250,500,0,-0.21293375394321767,308.76,3700.658,11.5,1.2,14926.368568755863,1
264,10000000,other-relative,0,-67400,Ambulance,16,4,1,2,3,4,250,500,0,-1.080647747314414,308.76,3700.658,11.5,1.2,6.0,0
59,0,other-relative,64200,-32300,Ambulance,0,3,0,2,3,2,250,500,0,0.61857669187512121,308.76,3700.658,11.5,1.2,16667.555555555558,0
440,0,wife,41500,-70200,Fire,21,1,2,3,2,4,250,500,1,-0.535048471290082,308.76,3700.658,11.5,1.2,549.0,1
451,2000000,unmarried,0,-42600,Ambulance,3,3,2,1,2,1,250,500,0,-0.54545454545454541,308.76,3700.658,11.5,1.2,14926.368568755863,1
123,0,wife,0,-54600,Fire,13,1,1,2,3,1,250,500,0,-0.757071547420965,530.678,5442.158,23.1,2.08,18555.927223579529,0
160,0,wife,0,-43800,Fire,13,3,2,1,2,0,250,500,0,-0.655884995507637,530.678,5442.158,23.1,2.08,18555.927223579529,0
90,0,not-in-family,42100,0,Other,2,1,1,0,3,4,250,500,0,0.55548225359546111,530.678,5442.158,23.1,2.08,18555.927223579529,0
193,0,not-in-family,0,0,Other,1,1,1,0,2,4,250,500,0,0.0,530.678,5442.158,23.1,2.08,18555.927223579529,1
154,7000000,own-child,68500,0,None,9,1,2,0,0,3,250,500,0,24.464285714285715,530.678,5442.158,23.1,2.08,12721.0,0
152,0,wife,0,0,Fire,16,1,0,0,2,4,250,500,0,0.0,530.678,5442.158,23.1,2.08,18555.927223579529,1
271,0,other-relative,0,0,Other,16,1,2,2,1,0,250,500,0,0.0,530.678,5442.158,23.1,2.08,5018.0,1
180,0,not-in-family,41300,-55500,Police,12,1,0,2,3,2,250,500,0,-0.30735930735930733,530.678,5442.158,23.1,2.08,2510.666666666667,1
120,0,not-in-family,68900,0,Fire,9,3,0,3,1,4,250,500,0,1.0519083969465648,530.678,5442.158,23.1,2.08,16667.555555555558,0
204,0,husband,0,-49300,Ambulance,7,1,1,1,3,4,250,500,0,-1.0670995670995671,530.678,5442.158,23.1,2.08,15150.666666666666,0
256,0,unmarried,0,0,Fire,19,3,0,2,2,4,250,500,0,0.0,530.678,5442.158,23.1,2.08,6920.0,1
105,0,own-child,0,0,Fire,12,3,2,2,2,1,250,500,0,0.0,530.678,5442.158,23.1,2.08,15150.666666666666,0
398,0,unmarried,69400,0,Police,7,1,2,3,0,0,250,500,0,10.515151515151516,530.678,5442.158,23.1,2.08,18555.927223579529,0
85,0,unmarried,67000,-53600,None,8,1,2,2,0,4,250,500,0,2.375886524822695,530.678,5442.158,23.1,2.08,10032.327272727285,0
208,0,other-relative,0,0,Other,16,3,1,0,3,1,250,500,0,0.0,530.678,5442.158,23.1,2.08,18555.927223579529,0
270,0,unmarried,62200,0,Ambulance,17,3,1,1,3,0,250,500,0,1.0333942515368002,530.678,5442.158,23.1,2.08,18555.927223579529,1
165,6000000,own-child,0,-49900,Other,8,1,1,3,3,2,250,500,0,-0.71592539454806314,530.678,5442.158,23.1,2.08,20876.792183031415,0
81,6000000,husband,42400,0,Fire,0,3,1,2,2,3,250,500,0,0.94790968030404654,530.678,5442.158,23.1,2.08,6920.0,1
122,0,own-child,58600,-28700,None,5,1,2,1,1,4,250,500,0,3.6507936507936507,530.678,5442.158,23.1,2.08,13772.666666666666,0
22,0,husband,37500,-54000,Police,3,3,1,2,3,0,250,500,0,-0.30968468468468469,530.678,5442.158,23.1,2.08,18801.000000000004,0
134,0,unmarried,0,0,Fire,19,3,0,2,2,4,250,500,0,0.0,530.678,5442.158,23.1,2.08,18555.927223579529,1
131,0,own-child,65700,0,Fire,5,1,1,3,2,1,250,500,0,0.85994764397905754,530.678,5442.158,23.1,2.08,18555.927223579529,0
356,0,husband,0,0,Other,5,1,0,3,1,0,250,500,0,0.0,530.678,5442.158,23.1,2.08,4487.6,0
230,0,other-relative,45400,-39400,Fire,19,1,0,2,3,2,250,500,0,0.080927974103048292,530.678,5442.158,23.1,2.08,27299.833333333336,0
127,5000000,own-child,0,0,Fire,12,2,1,1,3,0,250,500,0,0.0,530.678,5442.158,23.1,2.08,6920.0,0
439,0,unmarried,36100,-55000,Fire,12,3,2,3,2,4,250,500,0,-0.3349282296650718,530.678,5442.158,23.1,2.08,14291.335721596723,0
111,5000000,other-relative,0,0,Police,2,3,1,2,2,5,250,500,0,0.0,530.678,5442.158,23.1,2.08,62311.333333333328,1
201,0,not-in-family,0,0,Police,14,1,0,0,1,4,250,500,0,0.0,530.678,5442.158,23.1,2.08,10976.0,0
234,0,own-child,0,-48800,Police,4,1,2,2,2,1,250,500,0,-0.94573643410852715,530.678,5442.158,23.1,2.08,2510.666666666667,0
373,0,own-child,0,0,Other,21,4,0,2,2,5,250,500,0,0.0,530.678,5442.158,23.1,2.08,4487.6,1
252,0,unmarried,68500,-57500,Police,18,1,1,2,1,4,250,500,0,0.2178649237472767,530.678,5442.158,23.1,2.08,392.0,0
225,0,other-relative,83900,-52100,None,6,1,2,1,0,3,250,500,0,5.4545454545454541,530.678,5442.158,23.1,2.08,10808.5,0
101,0,own-child,30000,-53000,Ambulance,0,3,2,1,1,4,250,500,0,-0.34221098050885285,530.678,5442.158,23.1,2.08,32519.4888888889,0
233,0,other-relative,0,0,Other,17,3,2,3,1,2,250,500,0,0.0,530.678,5442.158,23.1,2.08,15563.333333333332,0
116,0,husband,28600,0,Police,23,1,0,0,2,5,250,500,0,0.6470588235294118,530.678,5442.158,23.1,2.08,18555.927223579529,0
213,0,husband,58500,-77700,Fire,13,1,2,0,3,5,250,500,0,-0.25896951712975452,530.678,5442.158,23.1,2.08,12524.833333333332,0
218,0,other-relative,61100,-64500,Fire,18,1,1,3,2,1,250,500,0,-0.049853372434017593,530.678,5442.158,23.1,2.08,4487.6,1
449,0,own-child,25000,0,None,8,1,0,1,1,1,250,500,0,4.6382189239332092,530.678,5442.158,23.1,2.08,13485.0,0
96,0,husband,10000,0,Ambulance,9,1,2,3,3,1,250,500,0,0.12768130745658834,530.678,5442.158,23.1,2.08,6920.0,0
231,0,wife,0,0,Fire,14,1,2,0,2,0,250,500,0,0.0,530.678,5442.158,23.1,2.08,18555.927223579529,1
261,0,unmarried,0,0,Police,18,1,1,2,1,2,250,500,0,0.0,530.678,5442.158,23.1,2.08,4487.6,0
122,0,other-relative,0,-47100,None,17,1,0,1,0,3,250,500,0,-12.233766233766234,530.678,5442.158,23.1,2.08,2510.666666666667,0
147,0,other-relative,0,0,Ambulance,22,1,1,0,3,5,250,500,0,0.0,530.678,5442.158,23.1,2.08,12590.36567164179,0
107,7000000,not-in-family,43400,-91200,Fire,12,1,0,1,1,0,250,500,0,-0.5328874024526199,530.678,5442.158,23.1,2.08,24462.0,1
45,0,wife,0,0,Fire,1,1,0,1,2,2,250,500,0,0.0,530.678,5442.158,23.1,2.08,17249.0,0
185,0,husband,0,0,Fire,20,3,1,1,2,4,250,500,0,0.0,530.678,5442.158,23.1,2.08,35398.0,1
101,0,other-relative,52600,-30400,Ambulance,4,1,0,3,1,4,250,500,0,0.50917431192660545,530.678,5442.158,23.1,2.08,18555.927223579529,0
196,0,other-relative,0,-78600,Ambulance,0,3,1,0,1,4,250,500,0,-1.6443514644351465,530.678,5442.158,23.1,2.08,19005.92105263158,0
343,3000000,husband,0,0,Police,13,4,2,3,3,4,250,500,0,0.0,530.678,5442.158,23.1,2.08,18555.927223579529,0
313,0,wife,63900,-53300,Ambulance,20,1,1,3,2,2,250,500,0,0.26328862394436164,530.678,5442.158,23.1,2.08,18555.927223579529,1
141,0,other-relative,78800,0,Fire,13,1,1,0,3,0,250,500,0,1.276320051830256,530.678,5442.158,23.1,2.08,8165.0,0
173,0,unmarried,51000,0,Fire,22,1,2,3,3,2,250,500,0,0.9802037286181049,530.678,5442.158,23.1,2.08,18555.927223579529,0
73,0,wife,35100,-59900,Other,15,3,1,0,3,2,250,500,0,-0.55221554219550206,530.678,5442.158,23.1,2.08,6.0,0
91,8000000,unmarried,43900,0,Other,13,3,2,0,1,3,250,500,0,0.51952662721893494,530.678,5442.158,23.1,2.08,39218.299999999996,0
222,0,own-child,87800,-51200,Fire,21,3,1,0,2,0,250,500,0,0.41609822646657574,530.678,5442.158,23.1,2.08,59820.749999999993,1
67,0,husband,60400,-67800,Other,16,1,0,3,2,0,250,500,0,-0.11598746081504702,530.678,5442.158,23.1,2.08,6920.0,1
249,0,own-child,0,0,Fire,16,1,0,0,2,5,250,500,0,0.0,530.678,5442.158,23.1,2.08,6920.0,0
29,0,own-child,0,-71700,Other,4,4,1,2,1,3,250,500,0,-1.104946833102173,530.678,5442.158,23.1,2.08,15563.333333333332,1
215,0,unmarried,0,0,Police,10,1,0,1,3,4,250,500,0,0.0,530.678,5442.158,23.1,2.08,13485.0,0
146,0,not-in-family,61400,-57500,None,3,1,2,0,1,4,250,500,0,0.74712643678160917,530.678,5442.158,23.1,2.08,18555.927223579529,0
151,0,unmarried,44000,0,Fire,14,3,1,2,3,1,250,500,0,0.74450084602368871,530.678,5442.158,23.1,2.08,2524.0,1
328,0,husband,53300,0,Police,5,1,1,2,2,5,250,500,0,0.74430945398687332,530.678,5442.158,23.1,2.08,6920.0,1
16,0,own-child,59300,-31400,Other,0,1,2,1,3,4,250,500,0,0.50727272727272732,530.678,5442.158,23.1,2.08,10036.0,1
88,0,husband,0,0,Ambulance,6,1,1,2,2,4,250,500,0,0.0,530.678,5442.158,23.1,2.08,12056.666666666666,1
84,0,not-in-family,0,-29900,Police,6,1,2,0,0,0,250,500,0,-4.3841642228739,530.678,5442.158,23.1,2.08,20876.792183031415,0
111,2000000,own-child,0,0,Fire,1,1,1,1,2,4,250,500,0,0.0,530.678,5442.158,23.1,2.08,18555.927223579529,1
261,0,other-relative,0,-45100,Fire,16,1,0,1,1,4,250,500,0,-0.72056239015817225,530.678,5442.158,23.1,2.08,6646.0,0
276,0,husband,0,-50000,Police,7,1,0,1,0,3,250,500,0,-8.4175084175084169,530.678,5442.158,23.1,2.08,8075.5,0
412,0,own-child,0,-66100,Police,19,3,0,2,3,0,250,500,0,-0.97148736037624928,530.678,5442.158,23.1,2.08,18555.927223579529,0
246,0,own-child,0,0,None,13,1,0,3,0,1,250,500,0,0.0,530.678,5442.158,23.1,2.08,6920.0,0
142,0,husband,58500,-46800,Other,13,3,0,3,2,4,250,500,0,0.18396226415094338,530.678,5442.158,23.1,2.08,4487.6,0
17,0,unmarried,32500,-80800,Police,9,1,2,1,0,4,250,500,0,-14.040697674418604,530.678,5442.158,23.1,2.08,18555.927223579529,0
279,6000000,unmarried,61100,-30700,Other,21,3,1,0,2,5,250,500,0,0.49795249795249796,530.678,5442.158,23.1,2.08,251.0,1
95,0,other-relative,0,-70300,None,3,1,1,2,0,1,250,500,0,-21.96875,389.517,3288.161,9.5,1.2,18555.927223579529,0
166,0,not-in-family,0,0,Ambulance,10,1,1,1,3,5,250,500,0,0.0,389.517,3288.161,9.5,1.2,62311.333333333328,0
8,4000000,wife,0,-88300,Fire,2,3,0,2,2,5,250,500,0,-1.8357588357588357,389.517,3288.161,9.5,1.2,7620.8484848484868,0
122,0,unmarried,38100,-31400,Fire,18,3,2,0,3,3,250,500,0,0.067006700670067,389.517,3288.161,9.5,1.2,18555.927223579529,0
246,0,wife,34400,-33100,Fire,9,3,2,2,2,4,250,500,0,0.024399399399399398,389.517,3288.161,9.5,1.2,16072.5,1
259,0,unmarried,0,-83900,Fire,12,3,1,3,1,4,250,500,0,-1.8019759450171822,389.517,3288.161,9.5,1.2,10032.327272727285,0
231,0,wife,0,-58100,Police,15,3,2,2,1,2,250,500,0,-0.75356679636835278,389.517,3288.161,9.5,1.2,8165.0,0
456,0,own-child,82600,-49500,Other,13,3,1,3,2,5,250,500,0,0.49789410348977137,389.517,3288.161,9.5,1.2,6920.0,1
232,0,wife,25800,0,Fire,22,1,1,1,2,2,250,500,0,0.46570397111913359,363.758,2821.442,5.8,1.08,9408.0,1
138,5000000,own-child,56900,-56900,Other,6,1,2,0,1,4,250,500,0,0.0,363.758,2821.442,5.8,1.08,24999.285714285714,0
440,0,other-relative,0,-56200,Police,18,3,2,1,1,1,250,500,0,-0.91530944625407162,363.758,2821.442,5.8,1.08,10032.327272727285,0
30,0,not-in-family,0,0,Police,9,1,2,1,0,4,250,500,0,0.0,363.758,2821.442,5.8,1.08,18555.927223579529,0
472,0,not-in-family,0,0,Fire,13,1,2,3,2,3,250,500,0,0.0,363.758,2821.442,5.8,1.08,18555.927223579529,0
56,0,not-in-family,0,0,Other,13,1,1,2,3,1,250,500,0,0.0,363.758,2821.442,5.8,1.08,17572.235127478758,0
89,0,unmarried,27600,0,Other,11,1,2,3,3,0,250,500,0,0.32627970209244589,363.758,2821.442,5.8,1.08,2510.666666666667,0
2,0,not-in-family,0,0,Fire,19,1,0,2,1,4,250,500,0,0.0,363.758,2821.442,5.8,1.08,6920.0,0
274,0,unmarried,54700,-47900,Ambulance,13,1,0,0,1,4,250,500,0,0.11623931623931624,363.758,2821.442,5.8,1.08,18555.927223579529,1
156,0,unmarried,0,0,Other,15,1,1,3,2,3,250,500,0,0.0,363.758,2821.442,5.8,1.08,4487.6,1
238,0,other-relative,0,-39200,Police,9,1,1,3,1,4,250,500,0,-7.127272727272727,363.758,2821.442,5.8,1.08,14926.368568755863,0
122,0,husband,0,-48700,None,1,1,0,1,0,4,250,500,0,-9.6245059288537558,363.758,2821.442,5.8,1.08,10032.327272727285,0
178,0,wife,0,0,Other,10,3,0,3,1,2,250,500,0,0.0,363.758,2821.442,5.8,1.08,35398.0,0
1,0,not-in-family,0,0,Police,1,3,1,0,1,0,250,500,0,0.0,363.758,2821.442,5.8,1.08,19444.0,0
19,0,not-in-family,0,0,Ambulance,6,3,0,2,3,4,250,500,0,0.0,363.758,2821.442,5.8,1.08,2510.666666666667,1
186,0,unmarried,80900,-111100,Ambulance,1,3,2,3,1,4,250,500,0,-0.40921409214092141,363.758,2821.442,5.8,1.08,8165.0,0
47,0,not-in-family,75400,0,None,18,1,1,0,1,0,250,500,0,11.253731343283581,363.758,2821.442,5.8,1.08,49909.5,0
402,0,not-in-family,48000,-79600,Other,19,1,0,2,2,4,250,500,0,-0.4662830160838129,363.758,2821.442,5.8,1.08,18555.927223579529,1
463,0,wife,0,0,Police,14,1,2,0,1,3,250,500,0,0.0,363.758,2821.442,5.8,1.08,2510.666666666667,0
242,6000000,unmarried,0,-57000,Fire,3,3,0,1,1,3,250,500,0,-0.83712733147305041,363.758,2821.442,5.8,1.08,9800.5,0
315,6000000,other-relative,0,-56800,Other,12,3,1,0,3,3,250,500,0,-2.1249532360643473,363.758,2821.442,5.8,1.08,8938.0,0
286,6000000,other-relative,71300,-70300,Ambulance,16,3,1,3,2,0,250,500,0,0.018365472910927456,363.758,2821.442,5.8,1.08,6920.0,0
254,0,own-child,0,0,Police,16,1,2,2,1,3,250,500,0,0.0,363.758,2821.442,5.8,1.08,15150.666666666666,0
246,0,other-relative,0,-58600,Other,18,1,1,2,2,2,250,500,0,-0.95470837406321274,363.758,2821.442,5.8,1.08,12544.0,1
286,0,husband,54100,-77600,Other,15,3,0,0,1,0,250,500,0,-0.35714285714285715,363.758,2821.442,5.8,1.08,18555.927223579529,0
140,0,not-in-family,43200,0,Other,10,3,2,0,1,4,250,500,0,0.54339622641509433,363.758,2821.442,5.8,1.08,14926.368568755863,0
113,0,not-in-family,36100,-42300,Other,15,3,0,2,1,4,250,500,0,-0.12412412412412413,363.758,2821.442,5.8,1.08,10032.327272727285,1
405,0,not-in-family,0,-46900,Police,11,1,0,0,2,5,250,500,0,-0.73765335011009747,363.758,2821.442,5.8,1.08,18555.927223579529,1
155,0,not-in-family,83600,0,Ambulance,0,1,0,3,1,1,250,500,0,1.7287014061207611,363.758,2821.442,5.8,1.08,2600.0,0
222,0,not-in-family,0,0,Police,23,3,0,0,1,1,250,500,0,0.0,363.758,2821.442,5.8,1.08,59820.749999999993,0
254,5000000,own-child,42200,-48000,Police,8,1,2,2,1,4,250,500,0,-0.091381755159918074,363.758,2821.442,5.8,1.08,32519.4888888889,0
164,0,not-in-family,44300,0,Fire,4,1,1,3,1,4,250,500,0,0.49222222222222223,363.758,2821.442,5.8,1.08,8762.8928571428569,0
137,0,husband,0,-77000,Police,0,3,0,0,1,4,250,500,0,-0.97902097902097907,363.758,2821.442,5.8,1.08,13430.5,0
229,3000000,not-in-family,65400,0,Other,23,1,1,3,2,4,250,500,0,1.0440613026819923,363.758,2821.442,5.8,1.08,18555.927223579529,0
232,8000000,husband,0,-33600,Ambulance,17,3,0,1,2,2,250,500,0,-0.47592067988668557,363.758,2821.442,5.8,1.08,15904.319999999998,1
211,0,own-child,0,0,Fire,12,1,0,3,3,3,250,500,0,0.0,363.758,2821.442,5.8,1.08,32519.4888888889,1
272,5000000,wife,38600,-42800,Fire,23,1,0,0,1,5,250,500,0,-0.049940546967895363,363.758,2821.442,5.8,1.08,7696.7,1
20,0,husband,33000,-43600,Other,15,3,2,1,3,1,250,500,0,-0.17448559670781894,363.758,2821.442,5.8,1.08,18555.927223579529,0
78,6000000,other-relative,0,0,Police,3,1,2,2,1,3,250,500,0,0.0,363.758,2821.442,5.8,1.08,2524.0,0
169,0,unmarried,50700,-57600,Ambulance,0,3,2,3,3,0,250,500,0,-0.089101239669421489,363.758,2821.442,5.8,1.08,2510.666666666667,0
204,7000000,other-relative,44000,-20800,Police,6,1,1,0,1,0,250,500,0,0.43445692883895132,363.758,2821.442,5.8,1.08,14291.335721596723,0
66,0,own-child,0,0,Police,8,1,2,2,2,2,250,500,0,0.0,363.758,2821.442,5.8,1.08,18555.927223579529,1
328,0,own-child,45100,-32800,Ambulance,17,1,2,1,2,3,250,500,0,0.20707070707070707,363.758,2821.442,5.8,1.08,25486.888888888891,0
200,3000000,other-relative,0,0,Police,10,1,2,2,3,2,250,500,0,0.0,363.758,2821.442,5.8,1.08,18396.571428571424,0
371,7000000,own-child,0,-37100,Other,2,2,2,0,1,0,250,500,0,-0.4172289698605488,363.758,2821.442,5.8,1.08,18555.927223579529,0
460,4000000,own-child,0,0,Police,20,3,1,0,1,4,250,500,0,0.0,363.758,2821.442,5.8,1.08,18555.927223579529,0
5,5000000,own-child,0,0,Police,23,1,0,0,3,0,250,500,0,0.0,363.758,2821.442,5.8,1.08,4704.0,0
280,0,wife,57900,0,Other,0,3,1,2,1,4,250,500,0,0.68342776203966,363.758,2821.442,5.8,1.08,8159.2281879194652,0
1,0,husband,61200,0,Other,23,1,0,3,3,1,250,500,0,0.88184438040345825,363.758,2821.442,5.8,1.08,18555.927223579529,0
50,0,unmarried,0,-65800,Police,15,3,1,2,3,2,250,500,0,-1.0769230769230769,363.758,2821.442,5.8,1.08,2510.666666666667,0
104,0,own-child,31900,-44600,Police,23,3,1,3,3,0,250,500,0,-0.19977977033191757,363.758,2821.442,5.8,1.08,8938.0,1
245,8000000,husband,58000,0,Police,7,3,0,1,1,1,250,500,0,0.7964844822850865,363.758,2821.442,5.8,1.08,20876.792183031415,0
190,5000000,husband,0,0,None,4,1,0,1,0,0,250,500,0,0.0,363.758,2821.442,5.8,1.08,6920.0,0
257,0,husband,0,0,Other,6,3,0,2,2,5,250,500,0,0.0,363.758,2821.442,5.8,1.08,8165.0,1
163,6000000,own-child,0,-67300,Fire,20,1,2,3,3,4,250,500,0,-1.3623481781376519,363.758,2821.442,5.8,1.08,59820.749999999993,0
162,0,other-relative,45700,0,Fire,17,4,2,1,2,1,250,500,0,1.2946175637393769,363.758,2821.442,5.8,1.08,18555.927223579529,1
147,6000000,own-child,51900,0,Other,4,1,0,0,2,4,250,500,0,0.76055099648300117,363.758,2821.442,5.8,1.08,9084.3333333333339,1
362,4000000,wife,53000,-72500,Fire,17,3,1,1,3,1,250,500,0,-0.34174553101997895,363.758,2821.442,5.8,1.08,18555.927223579529,0
298,0,own-child,47800,0,Ambulance,17,1,2,2,1,2,250,500,0,1.7010676156583631,363.758,2821.442,5.8,1.08,34576.0,0
284,0,other-relative,0,-42400,Other,11,1,0,3,3,4,250,500,0,-1.186013986013986,363.758,2821.442,5.8,1.08,18555.927223579529,0
186,0,unmarried,0,0,Ambulance,22,1,1,2,3,4,250,500,0,0.0,363.758,2821.442,5.8,1.08,19005.92105263158,0
77,0,other-relative,49700,0,Police,12,3,2,0,2,4,250,500,0,0.71945570353213661,363.758,2821.442,5.8,1.08,24462.0,1
246,6000000,husband,0,0,Fire,0,1,2,1,1,4,250,500,0,0.0,363.758,2821.442,5.8,1.08,18555.927223579529,0
206,6000000,unmarried,47200,-69700,Ambulance,12,3,2,3,3,4,250,500,0,-0.6198347107438017,363.758,2821.442,5.8,1.08,12056.666666666666,0
120,0,husband,39600,-64300,Other,20,1,1,1,1,1,250,500,0,-0.28358208955223879,363.758,2821.442,5.8,1.08,6920.0,0
236,4000000,wife,0,-63900,Police,17,1,0,0,1,3,250,500,0,-7.3448275862068968,363.758,2821.442,5.8,1.08,18555.927223579529,0
126,0,not-in-family,46500,-42700,Other,23,1,2,3,1,1,250,500,0,0.0779807100348861,363.758,2821.442,5.8,1.08,4086.4,0
430,7000000,own-child,0,0,Fire,19,3,0,3,1,5,250,500,0,0.0,363.758,2821.442,5.8,1.08,4704.0,0
297,3000000,other-relative,54900,-36700,Fire,17,3,0,0,3,4,250,500,0,0.35353535353535354,363.758,2821.442,5.8,1.08,21508.5,0
46,4000000,unmarried,46800,0,Fire,7,1,2,0,2,0,250,500,0,0.82685512367491165,363.758,2821.442,5.8,1.08,12590.36567164179,0
247,0,not-in-family,64000,0,Fire,22,3,2,2,1,2,250,500,0,0.92112838226827864,363.758,2821.442,5.8,1.08,14926.368568755863,0
65,0,wife,0,-71900,Other,14,1,1,0,2,2,250,500,0,-1.3721374045801527,363.758,2821.442,5.8,1.08,18555.927223579529,1
78,0,unmarried,72600,0,Other,1,3,2,1,1,3,250,500,0,1.3884107860011474,363.758,2821.442,5.8,1.08,2600.0,0
190,0,unmarried,61900,-50000,Other,14,1,0,0,3,4,250,500,0,0.26385809312638581,363.758,2821.442,5.8,1.08,2524.0,0
298,0,wife,0,-71700,Other,16,3,0,2,2,5,250,500,0,-1.031951640759931,363.758,2821.442,5.8,1.08,6920.0,0
267,5000000,wife,0,-35200,Police,5,1,0,2,0,4,250,500,0,-6.2081128747795411,363.758,2821.442,5.8,1.08,62311.333333333328,0
34,0,own-child,0,-27700,None,20,1,0,1,0,5,500,1000,0,-6.9949494949494948,208.659,2912.824,11.2,1.21,8165.0,0
120,0,not-in-family,77900,0,None,3,1,2,1,1,4,500,1000,0,20.663129973474803,208.659,2912.824,11.2,1.21,9408.0,0
250,0,own-child,47900,-73400,Other,22,1,1,3,1,4,500,1000,0,-0.3929121725731895,208.659,2912.824,11.2,1.21,9021.70588235294,0
269,0,wife,54800,-64100,Police,5,3,0,0,3,0,500,1000,0,-0.384297520661157,208.659,2912.824,11.2,1.21,18555.927223579529,0
150,0,unmarried,30400,-89400,Police,9,1,0,2,3,4,500,1000,0,-0.73676323676323674,208.659,2912.824,11.2,1.21,13772.666666666666,0
180,0,own-child,58100,-49000,Ambulance,12,4,2,3,1,4,500,1000,0,0.15771230502599654,208.659,2912.824,11.2,1.21,9408.0,0
97,0,husband,56700,-49300,Other,22,3,2,1,3,0,500,1000,0,0.097767208349848062,208.659,2912.824,11.2,1.21,6920.0,0
124,0,husband,0,0,Police,14,3,0,3,2,3,500,1000,0,0.0,208.659,2912.824,11.2,1.21,16621.0,0
138,4000000,wife,27700,-72400,Other,0,1,2,2,2,4,500,1000,0,-0.53751803751803751,208.659,2912.824,11.2,1.21,9021.70588235294,0
53,0,not-in-family,72200,0,Fire,17,3,2,0,2,1,500,1000,0,1.4129158512720157,208.659,2912.824,11.2,1.21,8165.0,0
152,0,wife,58600,0,Fire,9,1,1,1,2,4,500,1000,0,0.69275328052961338,208.659,2912.824,11.2,1.21,10532.527777777776,1
33,6000000,unmarried,45500,-60600,Police,16,1,2,1,2,1,500,1000,0,-0.18550368550368551,208.659,2912.824,11.2,1.21,35398.0,0
134,0,own-child,36400,0,Fire,2,1,2,1,3,5,500,1000,0,0.5666251556662516,208.659,2912.824,11.2,1.21,20876.792183031415,0
128,0,husband,0,-76000,Fire,2,1,0,0,3,0,500,1000,0,-1.2866091078381581,208.659,2912.824,11.2,1.21,18396.571428571424,0
121,0,wife,0,0,Fire,11,1,1,1,2,5,500,1000,0,0.0,208.659,2912.824,11.2,1.21,4487.6,1
79,0,not-in-family,53400,-35200,Fire,0,1,2,1,3,1,500,1000,0,0.26843657817109146,208.659,2912.824,11.2,1.21,18555.927223579529,0
275,0,wife,39400,-63900,Ambulance,8,3,1,1,3,1,500,1000,0,-0.38090796019900497,208.659,2912.824,11.2,1.21,18555.927223579529,0
273,0,own-child,0,0,Police,16,2,1,2,3,4,500,1000,0,0.0,208.659,2912.824,11.2,1.21,5605.5,0
101,0,husband,0,0,None,4,1,2,2,0,5,500,1000,0,0.0,208.659,2912.824,11.2,1.21,18555.927223579529,0
19,0,husband,42900,-90200,Police,8,1,1,1,1,0,500,1000,0,-6.71875,208.659,2912.824,11.2,1.21,2524.0,0
257,6000000,husband,46400,-74300,Other,12,1,2,2,3,4,500,1000,0,-0.44117647058823528,208.659,2912.824,11.2,1.21,18555.927223579529,0
287,0,not-in-family,0,-54600,Fire,19,1,0,2,1,3,500,1000,0,-1.0148698884758365,208.659,2912.824,11.2,1.21,18555.927223579529,0
216,0,unmarried,39600,-82400,Police,0,1,2,3,1,1,500,1000,0,-6.9480519480519485,208.659,2912.824,11.2,1.21,18555.927223579529,0
270,0,not-in-family,83200,-53300,Other,23,3,0,0,3,4,500,1000,0,0.55023923444976075,208.659,2912.824,11.2,1.21,6920.0,0
273,0,own-child,59600,0,Police,0,3,1,3,1,1,500,1000,0,1.4974874371859297,208.659,2912.824,11.2,1.21,58971.0,0
196,0,own-child,57000,-27300,Police,8,3,2,0,2,0,500,1000,0,0.49172185430463577,208.659,2912.824,11.2,1.21,2587.0,0
84,0,other-relative,0,-15900,Police,9,1,1,3,0,1,500,1000,0,-3.4415584415584415,208.659,2912.824,11.2,1.21,15150.666666666666,0
57,0,own-child,63100,-54100,Ambulance,0,3,0,1,3,3,500,1000,0,0.12345679012345678,208.659,2912.824,11.2,1.21,2524.0,0
40,4000000,own-child,0,-33300,Police,8,1,0,2,1,2,500,1000,0,-3.8013698630136985,208.659,2912.824,11.2,1.21,20876.792183031415,0
128,0,other-relative,62700,0,Ambulance,11,1,0,2,3,0,500,1000,0,0.6155507559395248,208.659,2912.824,11.2,1.21,14291.335721596723,0
289,0,own-child,73000,-37900,Ambulance,15,1,1,0,1,1,500,1000,0,0.65,208.659,2912.824,11.2,1.21,10532.527777777776,0
94,0,own-child,0,0,None,19,1,1,3,1,3,500,1000,0,0.0,208.659,2912.824,11.2,1.21,13772.666666666666,0
252,0,own-child,0,0,Other,22,3,0,2,3,4,500,1000,0,0.0,208.659,2912.824,11.2,1.21,8165.0,0
206,0,unmarried,0,-74200,Fire,2,1,1,1,2,0,500,1000,0,-0.939478348949101,208.659,2912.824,11.2,1.21,6920.0,1
325,0,not-in-family,61500,0,Fire,11,1,0,3,2,1,500,1000,0,0.84327437268613736,208.659,2912.824,11.2,1.21,4487.6,1
224,0,other-relative,0,-47100,Fire,21,3,2,1,3,4,500,1000,0,-0.76213592233009708,208.659,2912.824,11.2,1.21,18555.927223579529,0
149,0,own-child,0,0,Fire,17,1,0,1,3,4,500,1000,0,0.0,355.897,2798.765,15.7,1.74,8165.0,0
289,0,unmarried,0,0,None,16,1,1,1,1,4,500,1000,0,0.0,355.897,2798.765,15.7,1.74,18555.927223579529,0
210,0,not-in-family,44900,-91400,Ambulance,11,1,0,2,3,3,500,1000,0,-0.7989690721649485,355.897,2798.765,15.7,1.74,9449.2307692307677,0
92,0,husband,58900,-29100,Ambulance,22,1,2,3,3,3,500,1000,0,0.55805243445692887,355.897,2798.765,15.7,1.74,59820.749999999993,0
2,4000000,other-relative,0,-54700,Other,22,1,1,3,1,0,500,1000,0,-1.131100082712986,355.897,2798.765,15.7,1.74,15150.666666666666,0
30,0,wife,0,-63500,Police,17,3,2,2,3,2,500,1000,0,-1.0967184801381693,355.897,2798.765,15.7,1.74,6920.0,0
215,0,own-child,0,-49000,Fire,20,3,2,2,2,4,500,1000,0,-0.7151196730881495,355.897,2798.765,15.7,1.74,18555.927223579529,1
4,0,other-relative,0,0,Police,0,4,0,0,2,2,500,1000,0,0.0,355.897,2798.765,15.7,1.74,13772.666666666666,1
245,0,other-relative,27000,-58900,Other,0,1,0,1,3,3,500,1000,0,-0.37463300058719906,355.897,2798.765,15.7,1.74,18396.571428571424,0
436,0,own-child,39000,0,Police,10,3,2,2,3,4,500,1000,0,0.57352941176470584,355.897,2798.765,15.7,1.74,14419.0,0
292,0,unmarried,0,0,Police,4,1,0,2,0,3,500,1000,0,0.0,355.897,2798.765,15.7,1.74,18555.927223579529,0
27,0,wife,0,0,Police,4,1,2,0,0,5,500,1000,0,0.0,355.897,2798.765,15.7,1.74,34576.0,0
355,4000000,husband,0,0,Fire,19,3,2,1,2,2,500,1000,0,0.0,355.897,2798.765,15.7,1.74,8165.0,1
191,0,unmarried,45000,-30400,None,3,1,1,1,1,0,500,1000,0,6.4888888888888889,355.897,2798.765,15.7,1.74,13172.0,0
274,0,not-in-family,0,0,Other,22,3,1,3,3,0,500,1000,0,0.0,355.897,2798.765,15.7,1.74,12870.958333333336,0
328,0,not-in-family,24800,0,Other,0,1,2,3,3,5,500,1000,0,0.3528240147958458,355.897,2798.765,15.7,1.74,6920.0,1
140,6000000,unmarried,53500,0,Police,9,1,0,2,3,0,500,1000,0,0.68695428864920394,355.897,2798.765,15.7,1.74,18555.927223579529,0
282,7000000,husband,26900,-55300,None,7,1,1,2,1,5,500,1000,0,-8.0681818181818183,355.897,2798.765,15.7,1.74,18555.927223579529,0
118,0,own-child,0,-57000,Ambulance,22,2,1,0,2,0,500,1000,0,-0.76819407008086249,355.897,2798.765,15.7,1.74,5018.0,0
151,0,own-child,54000,0,Fire,0,1,1,1,1,3,500,1000,0,1.390677311357198,355.897,2798.765,15.7,1.74,18555.927223579529,0
335,0,wife,59900,-34800,Police,21,3,0,0,3,5,500,1000,0,0.69994422755158947,355.897,2798.765,15.7,1.74,14803.09090909091,1
256,0,wife,0,-39500,Police,14,1,2,1,1,5,500,1000,0,-0.52317880794701987,355.897,2798.765,15.7,1.74,10032.327272727285,0
75,0,husband,0,0,Other,23,2,2,3,3,1,500,1000,0,0.0,355.897,2798.765,15.7,1.74,6920.0,0
290,0,own-child,54400,0,Fire,22,3,0,1,1,1,500,1000,0,0.82175226586102723,355.897,2798.765,15.7,1.74,18555.927223579529,0
55,8000000,wife,0,0,Police,9,1,0,3,1,5,500,1000,0,0.0,355.897,2798.765,15.7,1.74,10032.327272727285,0
24,0,wife,0,-45200,Police,0,1,2,1,3,0,500,1000,0,-0.96581196581196582,355.897,2798.765,15.7,1.74,59820.749999999993,0
135,0,wife,37100,-46500,Ambulance,18,3,0,1,1,5,500,1000,0,-0.28772574227119679,355.897,2798.765,15.7,1.74,5262.7499999999991,0
72,0,own-child,0,-85900,Ambulance,9,1,1,0,2,1,500,1000,0,-1.297583081570997,355.897,2798.765,15.7,1.74,2510.666666666667,0
162,0,husband,0,0,Police,14,1,0,3,2,3,500,1000,0,0.0,355.897,2798.765,15.7,1.74,12590.36567164179,0
299,0,other-relative,0,-48800,Ambulance,3,1,2,0,1,2,500,1000,0,-0.89970501474926257,355.897,2798.765,15.7,1.74,18555.927223579529,0
31,9000000,not-in-family,0,-78600,None,9,1,0,1,0,2,500,1000,0,-16.723404255319149,355.897,2798.765,15.7,1.74,4704.0,0
435,5000000,other-relative,73500,-43300,Ambulance,23,1,2,1,3,1,500,1000,0,0.48027989821882949,355.897,2798.765,15.7,1.74,18555.927223579529,1
259,0,not-in-family,30100,0,Fire,23,1,1,1,1,5,500,1000,0,0.34290271132376393,355.897,2798.765,15.7,1.74,14291.335721596723,0
115,0,not-in-family,0,0,Ambulance,18,3,0,3,2,1,500,1000,0,0.0,355.897,2798.765,15.7,1.74,15150.666666666666,1
43,0,not-in-family,0,0,Ambulance,16,1,2,1,2,1,500,1000,0,0.0,355.897,2798.765,15.7,1.74,14291.335721596723,1
106,0,wife,54100,0,Police,20,3,0,3,3,4,500,1000,0,1.185623493315801,355.897,2798.765,15.7,1.74,18555.927223579529,0
294,0,own-child,22700,0,Police,23,3,1,1,3,3,500,1000,0,0.52913752913752909,355.897,2798.765,15.7,1.74,12074.0,0
133,0,husband,70900,-61100,None,8,1,2,0,1,4,500,1000,0,2.3333333333333335,355.897,2798.765,15.7,1.74,47042.0,0
8,0,husband,0,0,Other,21,1,0,0,2,0,500,1000,0,0.0,355.897,2798.765,15.7,1.74,18503.0,0
121,6000000,unmarried,0,0,Police,16,1,0,1,1,4,500,1000,0,0.0,355.897,2798.765,15.7,1.74,20876.792183031415,0
116,0,not-in-family,0,-35500,Other,8,3,0,3,2,4,500,1000,0,-0.59493883023294791,355.897,2798.765,15.7,1.74,8154.0,1
334,0,other-relative,0,0,None,3,1,0,3,1,3,500,1000,0,0.0,355.897,2798.765,15.7,1.74,8825.7142857142862,0
108,0,not-in-family,71400,0,Ambulance,4,3,2,2,1,4,500,1000,0,1.163245356793744,355.897,2798.765,15.7,1.74,18555.927223579529,0
37,0,own-child,0,0,Fire,21,3,1,1,3,5,500,1000,0,0.0,355.897,2798.765,15.7,1.74,4487.6,0
195,6000000,unmarried,38000,-50300,Ambulance,12,3,1,2,1,5,500,1000,0,-0.19034354688950789,355.897,2798.765,15.7,1.74,2510.666666666667,0
224,0,own-child,0,-51400,Fire,11,1,0,0,1,2,500,1000,0,-0.9311594202898551,355.897,2798.765,15.7,1.74,6586.0,0
215,0,husband,40000,-43400,None,6,1,2,1,0,3,500,1000,0,-1.2878787878787878,355.897,2798.765,15.7,1.74,59820.749999999993,0
290,0,own-child,32500,0,Ambulance,10,1,0,1,1,3,500,1000,0,0.67708333333333337,355.897,2798.765,15.7,1.74,6920.0,0
119,0,unmarried,0,-49500,Other,12,1,0,3,1,0,500,1000,0,-0.87921847246891649,355.897,2798.765,15.7,1.74,35398.0,0
76,5000000,not-in-family,39900,-44000,Police,7,1,2,1,1,1,500,1000,0,-0.51058530510585309,355.897,2798.765,15.7,1.74,18555.927223579529,0
309,0,other-relative,69400,0,Other,15,4,0,1,2,4,500,1000,0,0.89203084832904889,355.897,2798.765,15.7,1.74,4487.6,0
211,0,own-child,0,0,Police,3,1,1,1,0,4,500,1000,0,0.0,355.897,2798.765,15.7,1.74,15150.666666666666,0
98,0,other-relative,0,-30900,Police,13,2,0,1,3,4,500,1000,0,-0.47226043099495646,355.897,2798.765,15.7,1.74,59820.749999999993,0
143,0,unmarried,38400,-5700,Fire,17,3,2,2,2,1,500,1000,0,0.46448863636363635,355.897,2798.765,15.7,1.74,18555.927223579529,0
38,4000000,other-relative,78000,0,Ambulance,4,3,0,3,1,3,500,1000,0,1.0416666666666667,355.897,2798.765,15.7,1.74,18555.927223579529,0
389,0,unmarried,0,0,Police,6,1,1,2,1,3,500,1000,0,0.0,419.317,4452.975,15.7,1.41,18555.927223579529,1
187,5000000,not-in-family,60100,0,Ambulance,21,1,0,3,3,3,500,1000,0,1.0415944540727904,419.317,4452.975,15.7,1.41,2524.0,0
370,7000000,wife,0,-53200,None,6,1,0,2,1,4,500,1000,0,-5.9111111111111114,419.317,4452.975,15.7,1.41,18555.927223579529,0
63,6000000,own-child,0,-36500,Police,5,1,0,2,1,4,500,1000,0,-7.0736434108527133,419.317,4452.975,15.7,1.41,18555.927223579529,0
325,0,wife,46300,-77500,Fire,21,3,1,2,1,0,500,1000,0,-0.40987913820283761,419.317,4452.975,15.7,1.41,12590.36567164179,0
127,0,own-child,73700,0,None,8,1,1,3,1,1,500,1000,0,15.680851063829786,419.317,4452.975,15.7,1.41,6920.0,0
277,0,unmarried,0,0,Police,6,1,1,3,0,0,500,1000,0,0.0,419.317,4452.975,15.7,1.41,59820.749999999993,0
244,5000000,wife,0,0,None,10,1,2,1,0,3,500,1000,0,0.0,419.317,4452.975,15.7,1.41,18555.927223579529,0
235,4000000,other-relative,0,0,Other,10,1,0,3,2,4,500,1000,0,0.0,419.317,4452.975,15.7,1.41,14926.368568755863,1
338,0,own-child,0,-51500,None,13,1,0,1,1,5,500,1000,0,-11.976744186046512,419.317,4452.975,15.7,1.41,314.0,0
270,0,other-relative,47200,0,Ambulance,20,3,1,0,2,1,500,1000,0,1.3147632311977715,419.317,4452.975,15.7,1.41,8165.0,1
338,4000000,other-relative,0,0,Other,4,1,2,1,3,5,500,1000,0,0.0,419.317,4452.975,15.7,1.41,18555.927223579529,0
255,6000000,not-in-family,68500,0,Police,7,1,2,2,0,4,500,1000,0,10.703125,419.317,4452.975,15.7,1.41,18555.927223579529,1
175,0,not-in-family,44900,-52500,Police,15,3,2,1,2,3,500,1000,0,-0.17806935332708529,419.317,4452.975,15.7,1.41,18555.927223579529,1
197,0,not-in-family,0,-64500,Police,6,1,2,2,2,4,500,1000,0,-0.84424083769633507,419.317,4452.975,15.7,1.41,5645.0,1
303,7000000,other-relative,42900,-61500,Fire,20,1,2,0,1,1,500,1000,0,-0.3089187842551071,419.317,4452.975,15.7,1.41,2524.0,0
144,6000000,other-relative,23600,-15600,None,7,1,0,0,1,1,500,1000,0,1.0810810810810811,419.317,4452.975,15.7,1.41,2510.666666666667,0
3,0,unmarried,0,0,Fire,20,1,0,1,1,3,500,1000,0,0.0,419.317,4452.975,15.7,1.41,5262.7499999999991,0
214,4000000,not-in-family,0,-57100,Fire,13,3,2,0,2,3,500,1000,0,-0.8921875,419.317,4452.975,15.7,1.41,32519.4888888889,1
160,0,husband,61600,0,Ambulance,17,3,2,3,3,0,500,1000,0,1.1666666666666667,419.317,4452.975,15.7,1.41,21012.0,0
234,0,other-relative,0,0,Ambulance,3,1,1,0,2,1,500,1000,0,0.0,419.317,4452.975,15.7,1.41,75332.666666666672,1
285,0,husband,0,0,Fire,17,2,2,3,3,0,500,1000,0,0.0,419.317,4452.975,15.7,1.41,6920.0,0
347,9000000,unmarried,0,-12100,Other,15,1,0,2,3,5,500,1000,0,-0.11684047894940132,419.317,4452.975,15.7,1.41,59820.749999999993,0
446,0,wife,0,-15700,Police,1,3,2,1,1,0,500,1000,0,-0.19411473788328387,419.317,4452.975,15.7,1.41,10032.327272727285,0
245,0,unmarried,39300,0,Ambulance,12,1,0,2,1,4,500,1000,0,0.47827674333698428,308.76,3700.658,11.5,1.2,18555.927223579529,0
80,0,husband,0,-51000,Police,16,3,1,3,2,4,500,1000,1,-1.2496937025238912,308.76,3700.658,11.5,1.2,62311.333333333328,1
157,7000000,own-child,40700,-41600,Other,2,4,2,2,2,0,500,1000,0,-0.018867924528301886,308.76,3700.658,11.5,1.2,18555.927223579529,1
210,0,not-in-family,59900,0,None,9,1,1,2,0,0,500,1000,0,8.46045197740113,308.76,3700.658,11.5,1.2,4487.6,0
103,0,other-relative,72100,0,Police,5,1,2,3,1,1,500,1000,1,10.140646976090014,308.76,3700.658,11.5,1.2,18555.927223579529,0
180,0,wife,0,-55800,None,17,1,1,3,1,5,500,1000,0,-10.941176470588236,308.76,3700.658,11.5,1.2,18396.571428571424,0
245,0,husband,69100,0,Other,23,3,0,3,3,4,500,1000,0,1.560523938572719,308.76,3700.658,11.5,1.2,5262.7499999999991,0
84,0,wife,44400,-51500,Police,9,1,1,0,1,5,500,1000,0,-0.12317834836918806,530.678,5442.158,23.1,2.08,13485.0,0
47,0,other-relative,64800,-24300,Police,23,1,1,3,1,4,500,1000,0,0.643674507310871,530.678,5442.158,23.1,2.08,20084.999999999996,0
192,0,not-in-family,65100,-50300,Other,10,3,0,2,3,3,500,1000,0,0.48208469055374592,530.678,5442.158,23.1,2.08,34968.0,0
20,0,wife,0,0,Fire,21,3,2,2,2,4,500,1000,0,0.0,530.678,5442.158,23.1,2.08,14926.368568755863,1
437,0,unmarried,48800,0,Other,10,1,1,3,1,2,500,1000,0,0.57765151515151514,530.678,5442.158,23.1,2.08,13772.666666666666,1
250,0,other-relative,37800,0,Fire,2,1,0,3,1,3,500,1000,0,0.58878504672897192,530.678,5442.158,23.1,2.08,62311.333333333328,0
147,6000000,husband,0,-48400,Other,2,2,1,2,3,1,500,1000,0,-0.90163934426229508,530.678,5442.158,23.1,2.08,18555.927223579529,0
356,0,wife,58500,-44000,Other,23,3,2,1,2,2,500,1000,0,0.21090909090909091,530.678,5442.158,23.1,2.08,15150.666666666666,1
244,7000000,other-relative,0,-45000,Police,5,3,1,1,1,3,500,1000,0,-0.731826313221662,530.678,5442.158,23.1,2.08,4487.6,0
255,4000000,other-relative,0,0,Fire,22,1,2,0,1,0,500,1000,0,0.0,530.678,5442.158,23.1,2.08,6272.0,0
289,8000000,own-child,0,-42700,Other,1,1,1,0,3,4,500,1000,0,-0.99533799533799538,530.678,5442.158,23.1,2.08,18555.927223579529,0
130,0,own-child,0,-40800,Other,16,3,2,3,3,4,500,1000,0,-0.83350357507660877,530.678,5442.158,23.1,2.08,18555.927223579529,0
43,0,other-relative,64400,0,Other,1,3,2,2,3,4,500,1000,0,1.0446066504460665,530.678,5442.158,23.1,2.08,10032.327272727285,0
60,3000000,wife,0,0,Ambulance,9,1,1,0,3,5,500,1000,0,0.0,530.678,5442.158,23.1,2.08,6920.0,0
230,0,own-child,0,-51500,Ambulance,15,1,2,3,2,4,500,1000,0,-1.0488798370672099,530.678,5442.158,23.1,2.08,18555.927223579529,1
35,0,unmarried,52100,-46900,Fire,22,3,0,0,1,4,500,1000,0,0.066411238825031929,530.678,5442.158,23.1,2.08,12870.958333333336,0
141,0,own-child,0,-82100,None,6,1,1,2,1,0,500,1000,0,-12.669753086419753,530.678,5442.158,23.1,2.08,627.0,0
414,0,unmarried,44000,-71000,Police,13,1,1,1,3,0,500,1000,0,-0.49261083743842365,530.678,5442.158,23.1,2.08,13772.666666666666,1
434,0,husband,0,0,Other,15,3,1,3,2,4,500,1000,0,0.0,530.678,5442.158,23.1,2.08,7840.0,0
95,0,not-in-family,67800,-48600,Police,21,3,0,3,3,3,500,1000,0,0.23088023088023088,530.678,5442.158,23.1,2.08,12590.36567164179,0
64,0,other-relative,56800,-51800,Fire,9,3,2,1,1,4,500,1000,0,0.083333333333333329,530.678,5442.158,23.1,2.08,5262.7499999999991,0
164,0,husband,44500,-55900,Police,5,1,1,0,0,1,500,1000,0,-2.6388888888888888,530.678,5442.158,23.1,2.08,18555.927223579529,0
287,0,wife,0,-49000,None,9,1,2,3,0,3,500,1000,0,-9.4777562862669242,530.678,5442.158,23.1,2.08,18555.927223579529,0
133,0,husband,0,-31700,Fire,19,3,1,2,1,2,500,1000,0,-1.1146272855133614,530.678,5442.158,23.1,2.08,2510.666666666667,0
437,0,own-child,66100,-31400,Ambulance,23,1,0,0,3,1,500,1000,0,0.62186379928315416,530.678,5442.158,23.1,2.08,4487.6,0
279,0,other-relative,0,0,Police,13,1,0,1,2,1,500,1000,0,0.0,530.678,5442.158,23.1,2.08,18555.927223579529,1
255,0,unmarried,75800,0,Fire,14,2,2,2,2,4,500,1000,0,1.0147255689424364,530.678,5442.158,23.1,2.08,2524.0,1
263,0,not-in-family,0,0,Fire,17,1,2,3,1,3,500,1000,0,0.0,530.678,5442.158,23.1,2.08,10032.327272727285,0
190,0,other-relative,36900,-53700,None,10,1,2,1,0,4,500,1000,0,-2.6666666666666665,530.678,5442.158,23.1,2.08,10032.327272727285,0
227,0,unmarried,0,0,Fire,16,1,1,2,2,4,500,1000,0,0.0,530.678,5442.158,23.1,2.08,35398.0,1
194,6000000,wife,0,-45000,None,15,1,2,2,1,4,500,1000,0,-5.583126550868486,530.678,5442.158,23.1,2.08,6920.0,0
426,0,not-in-family,29600,-22300,Police,13,1,2,3,1,3,500,1000,0,0.072420634920634927,530.678,5442.158,23.1,2.08,2510.666666666667,0
222,0,not-in-family,71400,0,Other,9,3,2,1,2,0,500,1000,0,1.2981818181818181,530.678,5442.158,23.1,2.08,6920.0,1
66,0,wife,21100,-60800,Fire,2,3,0,2,2,2,500,1000,0,-0.60555216595485051,530.678,5442.158,23.1,2.08,12721.0,1
39,0,not-in-family,0,0,Police,14,1,0,1,2,4,500,1000,0,0.0,530.678,5442.158,23.1,2.08,18555.927223579529,1
479,0,other-relative,0,-44800,Other,9,2,0,3,3,5,500,1000,0,-0.83116883116883122,530.678,5442.158,23.1,2.08,6920.0,0
129,0,husband,51500,0,Other,7,1,1,3,3,4,500,1000,0,0.69257665411511571,530.678,5442.158,23.1,2.08,18555.927223579529,0
101,6000000,unmarried,30800,-43700,None,9,1,1,0,1,2,500,1000,0,-2.495164410058027,530.678,5442.158,23.1,2.08,12590.36567164179,0
242,6000000,other-relative,0,-61600,Other,15,3,1,2,1,2,500,1000,0,-0.9207772795216741,530.678,5442.158,23.1,2.08,18555.927223579529,1
143,0,husband,79900,0,Ambulance,1,1,2,0,2,0,500,1000,0,1.2833279794410537,530.678,5442.158,23.1,2.08,6920.0,0
107,0,own-child,40600,0,Fire,2,3,2,3,3,5,500,1000,0,0.51621106166560715,530.678,5442.158,23.1,2.08,8165.0,1
266,0,own-child,12800,-49700,Police,12,1,1,3,3,1,500,1000,0,-0.52096569250317659,530.678,5442.158,23.1,2.08,12492.0,0
37,0,husband,0,-67400,Other,17,3,1,0,1,2,500,1000,0,-1.3046844754161828,530.678,5442.158,23.1,2.08,4487.6,0
107,0,other-relative,62000,-63100,Police,16,1,0,3,1,4,500,1000,0,-0.021459227467811159,530.678,5442.158,23.1,2.08,18555.927223579529,0
175,5000000,husband,0,-43600,Other,9,3,2,2,2,4,500,1000,0,-0.60885351207931848,530.678,5442.158,23.1,2.08,16937.051282051281,1
110,0,own-child,0,-66200,Ambulance,3,1,0,3,3,1,500,1000,0,-1.1513043478260869,530.678,5442.158,23.1,2.08,8165.0,0
112,0,not-in-family,47700,-59300,Fire,3,1,2,0,2,3,500,1000,0,-0.10750695088044486,530.678,5442.158,23.1,2.08,2510.666666666667,1
438,0,husband,0,0,Police,14,1,0,0,1,5,500,1000,0,0.0,530.678,5442.158,23.1,2.08,6272.0,1
78,0,other-relative,0,-66500,Police,4,1,0,3,0,4,500,1000,0,-10.991735537190083,530.678,5442.158,23.1,2.08,14220.517543859645,0
243,0,own-child,0,-75700,Ambulance,10,3,0,1,2,1,500,1000,0,-2.0170530242472688,530.678,5442.158,23.1,2.08,59820.749999999993,0
153,4000000,husband,800,0,Other,9,3,2,1,1,1,500,1000,0,0.011695906432748537,530.678,5442.158,23.1,2.08,62311.333333333328,0
475,0,wife,0,-59500,Fire,23,1,0,2,2,3,500,1000,0,-0.92463092463092467,530.678,5442.158,23.1,2.08,18555.927223579529,0
80,0,wife,0,-18600,Police,3,1,0,1,2,2,500,1000,0,-0.55555555555555558,530.678,5442.158,23.1,2.08,2510.666666666667,0
11,0,wife,24000,0,Other,6,3,1,0,2,5,500,1000,0,0.44893378226711561,530.678,5442.158,23.1,2.08,2510.666666666667,1
241,0,unmarried,0,0,Police,5,1,2,2,1,4,500,1000,0,0.0,530.678,5442.158,23.1,2.08,18555.927223579529,0
419,6000000,unmarried,45700,0,Police,17,4,0,0,1,2,500,1000,0,0.7337829158638407,530.678,5442.158,23.1,2.08,18555.927223579529,0
381,0,wife,35900,0,Fire,8,1,1,2,2,5,500,1000,0,0.59240924092409242,530.678,5442.158,23.1,2.08,18555.927223579529,0
276,0,wife,44500,-61400,Fire,11,3,0,2,1,0,500,1000,0,-0.24386724386724387,530.678,5442.158,23.1,2.08,10785.785714285714,0
298,6000000,own-child,36900,-55000,Police,18,1,2,3,1,4,500,1000,0,-0.53949329359165421,530.678,5442.158,23.1,2.08,5018.0,0
165,0,own-child,70500,0,Police,9,1,2,0,1,0,500,1000,0,17.803030303030305,389.517,3288.161,9.5,1.2,35398.0,0
148,5000000,own-child,55100,0,Police,0,1,2,0,3,5,500,1000,0,0.90253890253890257,389.517,3288.161,9.5,1.2,2510.666666666667,0
350,0,other-relative,0,0,Police,14,3,0,2,3,3,500,1000,0,0.0,389.517,3288.161,9.5,1.2,8165.0,0
123,0,husband,16100,-61200,Fire,13,3,1,1,3,2,500,1000,0,-0.81614187477379663,389.517,3288.161,9.5,1.2,10032.327272727285,0
168,0,own-child,0,-42600,Fire,23,3,1,3,2,3,500,1000,0,-1.0245310245310246,363.758,2821.442,5.8,1.08,18801.000000000004,1
251,0,not-in-family,0,-31700,Police,10,1,0,0,1,1,500,1000,0,-0.71654611211573238,363.758,2821.442,5.8,1.08,4487.6,0
182,0,husband,53800,-78300,Police,18,1,2,3,3,3,500,1000,0,-0.27328499721137756,363.758,2821.442,5.8,1.08,4487.6,0
261,0,own-child,0,0,Fire,11,1,1,0,3,5,500,1000,0,0.0,363.758,2821.442,5.8,1.08,6561.6216216216208,0
12,0,other-relative,51400,0,Police,13,3,2,1,1,4,500,1000,0,0.96308787708450438,363.758,2821.442,5.8,1.08,10032.327272727285,0
51,0,unmarried,0,0,Fire,23,1,2,3,2,4,500,1000,0,0.0,363.758,2821.442,5.8,1.08,11917.0,1
458,5000000,wife,0,0,Other,2,1,0,1,2,1,500,1000,0,0.0,363.758,2821.442,5.8,1.08,15150.666666666666,0
230,0,other-relative,28900,0,Police,0,3,0,3,1,0,500,1000,0,0.55684007707129091,363.758,2821.442,5.8,1.08,35398.0,1
69,0,other-relative,0,0,Police,23,3,0,0,1,0,500,1000,0,0.0,363.758,2821.442,5.8,1.08,7056.0,0
295,0,unmarried,49700,-59100,Ambulance,20,2,2,1,3,5,500,1000,0,-0.10922612131071345,363.758,2821.442,5.8,1.08,5226.666666666667,0
233,0,other-relative,67100,0,None,6,1,0,1,1,1,500,1000,0,17.941176470588236,363.758,2821.442,5.8,1.08,4086.4,0
272,0,own-child,33300,-10600,Other,19,1,1,1,2,1,500,1000,0,0.31944835350408107,363.758,2821.442,5.8,1.08,6920.0,0
87,0,husband,0,-47500,Fire,16,3,0,3,2,3,500,1000,0,-0.77945520183787331,363.758,2821.442,5.8,1.08,10032.327272727285,1
328,0,wife,0,0,Police,19,1,0,2,3,3,500,1000,0,0.0,363.758,2821.442,5.8,1.08,18555.927223579529,0
150,0,husband,52800,0,Ambulance,6,3,0,3,2,3,500,1000,0,0.81481481481481477,363.758,2821.442,5.8,1.08,18555.927223579529,1
7,0,wife,0,-45300,Other,21,1,1,2,3,1,500,1000,0,-0.72526416906820368,363.758,2821.442,5.8,1.08,5262.7499999999991,0
298,0,unmarried,0,-51100,Ambulance,18,3,0,0,1,0,500,1000,0,-0.7984375,363.758,2821.442,5.8,1.08,6920.0,0
77,0,own-child,56400,-32800,Ambulance,1,3,0,0,1,0,500,1000,0,0.35119047619047616,363.758,2821.442,5.8,1.08,14220.517543859645,0
297,0,wife,0,-71400,Other,18,3,0,2,2,3,500,1000,0,-1.2991266375545851,363.758,2821.442,5.8,1.08,9608.58208955224,1
245,0,unmarried,24400,-60500,Ambulance,4,1,0,1,3,3,500,1000,0,-0.49115646258503404,363.758,2821.442,5.8,1.08,59820.749999999993,0
405,4000000,other-relative,46300,0,Other,21,3,2,3,3,5,500,1000,0,0.75358072916666663,363.758,2821.442,5.8,1.08,6920.0,0
298,0,other-relative,28800,0,Fire,1,1,0,0,2,4,500,1000,0,0.40798980025499365,363.758,2821.442,5.8,1.08,6920.0,1
312,0,wife,66900,-51800,Fire,17,3,2,3,3,5,500,1000,0,0.26811079545454547,363.758,2821.442,5.8,1.08,18555.927223579529,0
321,6000000,husband,0,-39100,Police,7,1,1,2,0,1,500,1000,0,-8.3547008547008552,363.758,2821.442,5.8,1.08,18555.927223579529,0
283,0,husband,0,-46200,Police,9,1,2,3,0,4,500,1000,0,-7.0426829268292686,363.758,2821.442,5.8,1.08,6646.0,0
210,0,own-child,38700,-33100,Ambulance,8,1,1,3,3,5,500,1000,0,0.088467614533965247,363.758,2821.442,5.8,1.08,10532.527777777776,0
84,7000000,husband,0,0,Other,0,1,0,2,3,1,500,1000,0,0.0,363.758,2821.442,5.8,1.08,32519.4888888889,1
140,0,own-child,0,-67000,Fire,2,4,0,2,2,4,500,1000,0,-0.92032967032967028,363.758,2821.442,5.8,1.08,5262.7499999999991,0
225,0,unmarried,41200,-36200,Police,20,3,2,2,2,0,500,1000,0,0.071022727272727279,363.758,2821.442,5.8,1.08,15471.388888888887,1
431,0,unmarried,65700,0,Police,4,3,2,0,2,5,500,1000,0,1.0545746388443018,363.758,2821.442,5.8,1.08,59820.749999999993,0
212,0,husband,73200,0,Other,17,3,0,2,1,3,500,1000,0,0.88834951456310685,363.758,2821.442,5.8,1.08,21012.0,0
125,7000000,husband,0,-51300,Fire,17,1,2,3,3,4,500,1000,0,-0.57861493345364312,363.758,2821.442,5.8,1.08,18555.927223579529,1
284,0,not-in-family,0,-44200,Ambulance,16,2,2,3,2,3,500,1000,0,-0.72530357728913686,363.758,2821.442,5.8,1.08,8165.0,1
108,0,not-in-family,0,0,Fire,14,1,0,2,3,3,500,1000,0,0.0,363.758,2821.442,5.8,1.08,2510.666666666667,0
187,0,not-in-family,59500,0,Fire,7,3,0,0,1,4,500,1000,0,1.3192904656319291,363.758,2821.442,5.8,1.08,10808.5,0
83,0,unmarried,0,0,Fire,0,3,0,1,3,0,500,1000,0,0.0,363.758,2821.442,5.8,1.08,14291.335721596723,0
253,7000000,unmarried,46300,-33000,Police,9,1,0,1,0,1,500,1000,0,3.4635416666666665,363.758,2821.442,5.8,1.08,14926.368568755863,0
126,0,unmarried,55300,-58400,Police,16,3,2,0,3,2,500,1000,0,-0.041801510248112191,363.758,2821.442,5.8,1.08,18555.927223579529,0
259,0,own-child,0,-58300,Other,3,3,0,2,3,4,500,1000,0,-1.0217315106905012,363.758,2821.442,5.8,1.08,11720.384615384615,0
163,0,other-relative,51700,0,Ambulance,13,1,2,3,1,4,500,1000,0,0.650314465408805,363.758,2821.442,5.8,1.08,18555.927223579529,0
235,0,husband,0,0,Ambulance,11,1,1,2,1,2,500,1000,0,0.0,363.758,2821.442,5.8,1.08,18555.927223579529,0
103,0,wife,69500,-47700,Ambulance,1,3,2,3,2,3,500,1000,0,0.27563535213048423,363.758,2821.442,5.8,1.08,1019.0,0
284,0,husband,47900,0,Fire,19,3,0,0,2,4,500,1000,0,1.0221937686726419,363.758,2821.442,5.8,1.08,5331.0,0
283,0,husband,53500,-73600,Ambulance,3,3,1,3,2,4,500,1000,0,-0.25882049961370074,363.758,2821.442,5.8,1.08,549.0,1
155,0,other-relative,81100,0,Police,16,3,2,3,3,1,500,1000,0,2.722390063779792,363.758,2821.442,5.8,1.08,20876.792183031415,0
115,0,wife,46400,0,Fire,12,3,1,0,1,0,500,1000,0,0.94424094424094429,363.758,2821.442,5.8,1.08,62311.333333333328,0
147,0,wife,0,-48300,Fire,13,1,2,2,1,0,500,1000,0,-0.4781704781704782,363.758,2821.442,5.8,1.08,18555.927223579529,0
217,0,other-relative,49900,-19800,Fire,16,3,0,2,1,3,500,1000,0,0.46364756623536663,363.758,2821.442,5.8,1.08,9858.0166112956849,0
70,5000000,own-child,63600,0,Other,0,3,1,2,2,2,500,1000,0,1.2204951065054692,363.758,2821.442,5.8,1.08,2524.0,0
101,0,unmarried,12100,0,None,3,1,1,0,0,2,500,1000,0,2.8205128205128207,363.758,2821.442,5.8,1.08,8165.0,0
334,0,wife,26700,-47200,Fire,7,1,2,0,2,3,500,1000,0,-0.41,363.758,2821.442,5.8,1.08,13772.666666666666,0
36,0,husband,0,-59800,Ambulance,20,3,1,3,1,3,500,1000,0,-1.2259122591225913,363.758,2821.442,5.8,1.08,2510.666666666667,0
125,0,husband,55400,-40400,None,4,1,1,2,0,4,500,1000,0,3.4722222222222223,363.758,2821.442,5.8,1.08,6920.0,0
85,0,other-relative,51600,-73900,Other,19,1,0,1,2,1,500,1000,0,-0.30021540118470652,363.758,2821.442,5.8,1.08,18555.927223579529,1
228,6000000,unmarried,66000,-46000,None,20,1,0,1,1,1,500,1000,0,3.0769230769230771,363.758,2821.442,5.8,1.08,18555.927223579529,0
128,0,other-relative,0,0,Fire,10,3,2,1,1,5,500,1000,0,0.0,363.758,2821.442,5.8,1.08,470.0,0
289,0,not-in-family,0,0,Fire,19,3,1,3,1,1,500,1000,0,0.0,363.758,2821.442,5.8,1.08,34968.0,0
399,0,not-in-family,0,-65400,Police,23,3,1,1,3,4,500,1000,0,-0.73981900452488691,363.758,2821.442,5.8,1.08,21987.5,0
371,0,other-relative,60300,-24700,Fire,7,1,0,3,2,1,500,1000,0,0.47214854111405835,363.758,2821.442,5.8,1.08,7056.0,1
159,0,wife,0,-53700,Police,13,1,2,0,3,1,500,1000,0,-0.76397780623132738,363.758,2821.442,5.8,1.08,4487.6,0
467,0,own-child,82200,0,Fire,2,1,2,3,3,3,500,1000,0,1.4757630161579893,363.758,2821.442,5.8,1.08,3136.0,0
0,0,wife,61400,-41100,Ambulance,6,4,1,1,1,2,500,1000,0,0.51107754279959716,363.758,2821.442,5.8,1.08,18555.927223579529,0
85,0,unmarried,50400,-61500,Fire,14,4,0,0,1,2,500,1000,0,-0.18791264601320468,363.758,2821.442,5.8,1.08,12138.182741116756,0
179,0,own-child,0,0,Fire,10,1,0,1,1,4,500,1000,0,0.0,363.758,2821.442,5.8,1.08,18555.927223579529,0